
     Program THERMO_PW v.7.6 starts on 26Aug2026 at 19: 6:31 

     This program is part of the open-source Quantum ESPRESSO suite
     for quantum simulation of materials; please cite
         "P. Giannozzi et al., J. Phys.:Condens. Matter 21 395502 (2009);
         "P. Giannozzi et al., J. Phys.:Condens. Matter 29 465901 (2017);
         "P. Giannozzi et al., J. Chem. Phys. 152 154105 (2020);
          URL http://www.quantum-espresso.org", 
     in publications or presentations arising from this work. More details at
     http://www.quantum-espresso.org/quote

     Parallel version (MPI), running on    12 processors

     MPI processes distributed on     1 nodes
     K-points division:     npool     =       2
     R & G space division:  proc/nbgrp/npool/nimage =       6
     2983 MiB available memory on the printing compute node when the environment starts
 
     Reading input from _temporary_1

   Info: using nr1, nr2, nr3 values from input


     Doing a phonon dispersion calculation
     Use what='plot_bz' to visualize the BZ path
     Computing the harmonic thermodynamic properties

     FFT mesh: (   24,   24,   24 )

     Bravais lattice:

     ibrav=  2: face centered cubic
     Cell parameters:

     alat=  10.200000 a.u.


     Starting primitive lattice vectors:
     crystal axes: (cart. coord. in units of alat)

               a(1) = (  -0.500000   0.000000   0.500000 )  
               a(2) = (   0.000000   0.500000   0.500000 )  
               a(3) = (  -0.500000   0.500000   0.000000 )  

     Starting reciprocal lattice vectors:
     reciprocal axes: (cart. coord. in units 2 pi/alat)

               b(1) = ( -1.000000 -1.000000  1.000000 )  
               b(2) = (  1.000000  1.000000  1.000000 )  
               b(3) = ( -1.000000  1.000000 -1.000000 )  

     Starting atomic positions in Cartesian axes:

     site n.     atom                  positions (alat units)
         1        Si     tau(   1) = (   0.0000000   0.0000000   0.0000000  )
         2        Si     tau(   2) = (   0.2500000   0.2500000   0.2500000  )

     Starting atomic positions in crystallographic axes:

     site n.     atom                  positions (cryst. coord.)
         1        Si     tau(   1) = (  0.0000000  0.0000000  0.0000000  )
         2        Si     tau(   2) = ( -0.2500000  0.7500000 -0.2500000  )

     The point group 136 O_h (m-3m) is compatible with the Bravais lattice.

     The rotation matrices with the order used inside thermo_pw are:

     48 Sym. Ops., with inversion, found (24 have fractional translation)


                          s                  frac. trans.

      isym =  1     identity                                     

 cryst.   s( 1) = (  1    0    0   )
                  (  0    1    0   )
                  (  0    0    1   )

 cart.    s( 1) = (  1.000  0.000  0.000 )
                  (  0.000  1.000  0.000 )
                  (  0.000  0.000  1.000 )


      isym =  2     180 deg rotation - cart. axis [0,0,1]        

 cryst.   s( 2) = (  0    1   -1   )
                  (  1    0   -1   )
                  (  0    0   -1   )

 cart.    s( 2) = ( -1.000  0.000  0.000 )
                  (  0.000 -1.000  0.000 )
                  (  0.000  0.000  1.000 )


      isym =  3     180 deg rotation - cart. axis [0,1,0]        

 cryst.   s( 3) = ( -1    0    0   )
                  ( -1    0    1   )
                  ( -1    1    0   )

 cart.    s( 3) = ( -1.000  0.000  0.000 )
                  (  0.000  1.000  0.000 )
                  (  0.000  0.000 -1.000 )


      isym =  4     180 deg rotation - cart. axis [1,0,0]        

 cryst.   s( 4) = (  0   -1    1   )
                  (  0   -1    0   )
                  (  1   -1    0   )

 cart.    s( 4) = (  1.000  0.000  0.000 )
                  (  0.000 -1.000  0.000 )
                  (  0.000  0.000 -1.000 )


      isym =  5     180 deg rotation - cart. axis [1,1,0]        

 cryst.   s( 5) = (  0     -1      0     )    f =(   0.2500 )
                  ( -1      0      0     )       (   0.2500 )
                  (  0      0     -1     )       (   0.2500 )

 cart.    s( 5) = (  0.000  1.000  0.000 )    f =(  -0.2500 )
                  (  1.000  0.000  0.000 )       (   0.2500 )
                  (  0.000  0.000 -1.000 )       (   0.2500 )


      isym =  6     180 deg rotation - cart. axis [1,-1,0]       

 cryst.   s( 6) = ( -1      0      1     )    f =(   0.2500 )
                  (  0     -1      1     )       (   0.2500 )
                  (  0      0      1     )       (   0.2500 )

 cart.    s( 6) = (  0.000 -1.000  0.000 )    f =(  -0.2500 )
                  ( -1.000  0.000  0.000 )       (   0.2500 )
                  (  0.000  0.000 -1.000 )       (   0.2500 )


      isym =  7      90 deg rotation - cart. axis [0,0,-1]       

 cryst.   s( 7) = (  0      1      0     )    f =(   0.2500 )
                  (  0      1     -1     )       (   0.2500 )
                  ( -1      1      0     )       (   0.2500 )

 cart.    s( 7) = (  0.000  1.000  0.000 )    f =(  -0.2500 )
                  ( -1.000  0.000  0.000 )       (   0.2500 )
                  (  0.000  0.000  1.000 )       (   0.2500 )


      isym =  8      90 deg rotation - cart. axis [0,0,1]        

 cryst.   s( 8) = (  1      0     -1     )    f =(   0.2500 )
                  (  1      0      0     )       (   0.2500 )
                  (  1     -1      0     )       (   0.2500 )

 cart.    s( 8) = (  0.000 -1.000  0.000 )    f =(  -0.2500 )
                  (  1.000  0.000  0.000 )       (   0.2500 )
                  (  0.000  0.000  1.000 )       (   0.2500 )


      isym =  9     180 deg rotation - cart. axis [1,0,1]        

 cryst.   s( 9) = ( -1      0      0     )    f =(   0.2500 )
                  (  0      0     -1     )       (   0.2500 )
                  (  0     -1      0     )       (   0.2500 )

 cart.    s( 9) = (  0.000  0.000  1.000 )    f =(  -0.2500 )
                  (  0.000 -1.000  0.000 )       (   0.2500 )
                  (  1.000  0.000  0.000 )       (   0.2500 )


      isym = 10     180 deg rotation - cart. axis [-1,0,1]       

 cryst.   s(10) = (  1      0      0     )    f =(   0.2500 )
                  (  1     -1      0     )       (   0.2500 )
                  (  1      0     -1     )       (   0.2500 )

 cart.    s(10) = (  0.000  0.000 -1.000 )    f =(  -0.2500 )
                  (  0.000 -1.000  0.000 )       (   0.2500 )
                  ( -1.000  0.000  0.000 )       (   0.2500 )


      isym = 11      90 deg rotation - cart. axis [0,1,0]        

 cryst.   s(11) = (  0      1     -1     )    f =(   0.2500 )
                  ( -1      1      0     )       (   0.2500 )
                  (  0      1      0     )       (   0.2500 )

 cart.    s(11) = (  0.000  0.000  1.000 )    f =(  -0.2500 )
                  (  0.000  1.000  0.000 )       (   0.2500 )
                  ( -1.000  0.000  0.000 )       (   0.2500 )


      isym = 12      90 deg rotation - cart. axis [0,-1,0]       

 cryst.   s(12) = (  0     -1      1     )    f =(   0.2500 )
                  (  0      0      1     )       (   0.2500 )
                  ( -1      0      1     )       (   0.2500 )

 cart.    s(12) = (  0.000  0.000 -1.000 )    f =(  -0.2500 )
                  (  0.000  1.000  0.000 )       (   0.2500 )
                  (  1.000  0.000  0.000 )       (   0.2500 )


      isym = 13     180 deg rotation - cart. axis [0,1,1]        

 cryst.   s(13) = ( -1      1      0     )    f =(   0.2500 )
                  (  0      1      0     )       (   0.2500 )
                  (  0      1     -1     )       (   0.2500 )

 cart.    s(13) = ( -1.000  0.000  0.000 )    f =(  -0.2500 )
                  (  0.000  0.000  1.000 )       (   0.2500 )
                  (  0.000  1.000  0.000 )       (   0.2500 )


      isym = 14     180 deg rotation - cart. axis [0,1,-1]       

 cryst.   s(14) = (  0      0     -1     )    f =(   0.2500 )
                  (  0     -1      0     )       (   0.2500 )
                  ( -1      0      0     )       (   0.2500 )

 cart.    s(14) = ( -1.000  0.000  0.000 )    f =(  -0.2500 )
                  (  0.000  0.000 -1.000 )       (   0.2500 )
                  (  0.000 -1.000  0.000 )       (   0.2500 )


      isym = 15      90 deg rotation - cart. axis [-1,0,0]       

 cryst.   s(15) = (  0      0      1     )    f =(   0.2500 )
                  ( -1      0      1     )       (   0.2500 )
                  (  0     -1      1     )       (   0.2500 )

 cart.    s(15) = (  1.000  0.000  0.000 )    f =(  -0.2500 )
                  (  0.000  0.000  1.000 )       (   0.2500 )
                  (  0.000 -1.000  0.000 )       (   0.2500 )


      isym = 16      90 deg rotation - cart. axis [1,0,0]        

 cryst.   s(16) = (  1     -1      0     )    f =(   0.2500 )
                  (  1      0     -1     )       (   0.2500 )
                  (  1      0      0     )       (   0.2500 )

 cart.    s(16) = (  1.000  0.000  0.000 )    f =(  -0.2500 )
                  (  0.000  0.000 -1.000 )       (   0.2500 )
                  (  0.000  1.000  0.000 )       (   0.2500 )


      isym = 17     120 deg rotation - cart. axis [-1,-1,-1]     

 cryst.   s(17) = ( -1    0    1   )
                  ( -1    1    0   )
                  ( -1    0    0   )

 cart.    s(17) = (  0.000  1.000  0.000 )
                  (  0.000  0.000  1.000 )
                  (  1.000  0.000  0.000 )


      isym = 18     120 deg rotation - cart. axis [-1,1,1]       

 cryst.   s(18) = (  0    1    0   )
                  (  0    0    1   )
                  (  1    0    0   )

 cart.    s(18) = (  0.000 -1.000  0.000 )
                  (  0.000  0.000  1.000 )
                  ( -1.000  0.000  0.000 )


      isym = 19     120 deg rotation - cart. axis [1,1,-1]       

 cryst.   s(19) = (  1    0   -1   )
                  (  0    0   -1   )
                  (  0    1   -1   )

 cart.    s(19) = (  0.000  1.000  0.000 )
                  (  0.000  0.000 -1.000 )
                  ( -1.000  0.000  0.000 )


      isym = 20     120 deg rotation - cart. axis [1,-1,1]       

 cryst.   s(20) = (  0   -1    0   )
                  (  1   -1    0   )
                  (  0   -1    1   )

 cart.    s(20) = (  0.000 -1.000  0.000 )
                  (  0.000  0.000 -1.000 )
                  (  1.000  0.000  0.000 )


      isym = 21     120 deg rotation - cart. axis [1,1,1]        

 cryst.   s(21) = (  0    0   -1   )
                  (  0    1   -1   )
                  (  1    0   -1   )

 cart.    s(21) = (  0.000  0.000  1.000 )
                  (  1.000  0.000  0.000 )
                  (  0.000  1.000  0.000 )


      isym = 22     120 deg rotation - cart. axis [-1,1,-1]      

 cryst.   s(22) = ( -1    1    0   )
                  ( -1    0    0   )
                  ( -1    0    1   )

 cart.    s(22) = (  0.000  0.000  1.000 )
                  ( -1.000  0.000  0.000 )
                  (  0.000 -1.000  0.000 )


      isym = 23     120 deg rotation - cart. axis [1,-1,-1]      

 cryst.   s(23) = (  0    0    1   )
                  (  1    0    0   )
                  (  0    1    0   )

 cart.    s(23) = (  0.000  0.000 -1.000 )
                  ( -1.000  0.000  0.000 )
                  (  0.000  1.000  0.000 )


      isym = 24     120 deg rotation - cart. axis [-1,-1,1]      

 cryst.   s(24) = (  1   -1    0   )
                  (  0   -1    1   )
                  (  0   -1    0   )

 cart.    s(24) = (  0.000  0.000 -1.000 )
                  (  1.000  0.000  0.000 )
                  (  0.000 -1.000  0.000 )


      isym = 25     inversion                                    

 cryst.   s(25) = ( -1      0      0     )    f =(   0.2500 )
                  (  0     -1      0     )       (   0.2500 )
                  (  0      0     -1     )       (   0.2500 )

 cart.    s(25) = ( -1.000  0.000  0.000 )    f =(  -0.2500 )
                  (  0.000 -1.000  0.000 )       (   0.2500 )
                  (  0.000  0.000 -1.000 )       (   0.2500 )


      isym = 26     inv. 180 deg rotation - cart. axis [0,0,1]   

 cryst.   s(26) = (  0     -1      1     )    f =(   0.2500 )
                  ( -1      0      1     )       (   0.2500 )
                  (  0      0      1     )       (   0.2500 )

 cart.    s(26) = (  1.000  0.000  0.000 )    f =(  -0.2500 )
                  (  0.000  1.000  0.000 )       (   0.2500 )
                  (  0.000  0.000 -1.000 )       (   0.2500 )


      isym = 27     inv. 180 deg rotation - cart. axis [0,1,0]   

 cryst.   s(27) = (  1      0      0     )    f =(   0.2500 )
                  (  1      0     -1     )       (   0.2500 )
                  (  1     -1      0     )       (   0.2500 )

 cart.    s(27) = (  1.000  0.000  0.000 )    f =(  -0.2500 )
                  (  0.000 -1.000  0.000 )       (   0.2500 )
                  (  0.000  0.000  1.000 )       (   0.2500 )


      isym = 28     inv. 180 deg rotation - cart. axis [1,0,0]   

 cryst.   s(28) = (  0      1     -1     )    f =(   0.2500 )
                  (  0      1      0     )       (   0.2500 )
                  ( -1      1      0     )       (   0.2500 )

 cart.    s(28) = ( -1.000  0.000  0.000 )    f =(  -0.2500 )
                  (  0.000  1.000  0.000 )       (   0.2500 )
                  (  0.000  0.000  1.000 )       (   0.2500 )


      isym = 29     inv. 180 deg rotation - cart. axis [1,1,0]   

 cryst.   s(29) = (  0    1    0   )
                  (  1    0    0   )
                  (  0    0    1   )

 cart.    s(29) = (  0.000 -1.000  0.000 )
                  ( -1.000  0.000  0.000 )
                  (  0.000  0.000  1.000 )


      isym = 30     inv. 180 deg rotation - cart. axis [1,-1,0]  

 cryst.   s(30) = (  1    0   -1   )
                  (  0    1   -1   )
                  (  0    0   -1   )

 cart.    s(30) = (  0.000  1.000  0.000 )
                  (  1.000  0.000  0.000 )
                  (  0.000  0.000  1.000 )


      isym = 31     inv.  90 deg rotation - cart. axis [0,0,-1]  

 cryst.   s(31) = (  0   -1    0   )
                  (  0   -1    1   )
                  (  1   -1    0   )

 cart.    s(31) = (  0.000 -1.000  0.000 )
                  (  1.000  0.000  0.000 )
                  (  0.000  0.000 -1.000 )


      isym = 32     inv.  90 deg rotation - cart. axis [0,0,1]   

 cryst.   s(32) = ( -1    0    1   )
                  ( -1    0    0   )
                  ( -1    1    0   )

 cart.    s(32) = (  0.000  1.000  0.000 )
                  ( -1.000  0.000  0.000 )
                  (  0.000  0.000 -1.000 )


      isym = 33     inv. 180 deg rotation - cart. axis [1,0,1]   

 cryst.   s(33) = (  1    0    0   )
                  (  0    0    1   )
                  (  0    1    0   )

 cart.    s(33) = (  0.000  0.000 -1.000 )
                  (  0.000  1.000  0.000 )
                  ( -1.000  0.000  0.000 )


      isym = 34     inv. 180 deg rotation - cart. axis [-1,0,1]  

 cryst.   s(34) = ( -1    0    0   )
                  ( -1    1    0   )
                  ( -1    0    1   )

 cart.    s(34) = (  0.000  0.000  1.000 )
                  (  0.000  1.000  0.000 )
                  (  1.000  0.000  0.000 )


      isym = 35     inv.  90 deg rotation - cart. axis [0,1,0]   

 cryst.   s(35) = (  0   -1    1   )
                  (  1   -1    0   )
                  (  0   -1    0   )

 cart.    s(35) = (  0.000  0.000 -1.000 )
                  (  0.000 -1.000  0.000 )
                  (  1.000  0.000  0.000 )


      isym = 36     inv.  90 deg rotation - cart. axis [0,-1,0]  

 cryst.   s(36) = (  0    1   -1   )
                  (  0    0   -1   )
                  (  1    0   -1   )

 cart.    s(36) = (  0.000  0.000  1.000 )
                  (  0.000 -1.000  0.000 )
                  ( -1.000  0.000  0.000 )


      isym = 37     inv. 180 deg rotation - cart. axis [0,1,1]   

 cryst.   s(37) = (  1   -1    0   )
                  (  0   -1    0   )
                  (  0   -1    1   )

 cart.    s(37) = (  1.000  0.000  0.000 )
                  (  0.000  0.000 -1.000 )
                  (  0.000 -1.000  0.000 )


      isym = 38     inv. 180 deg rotation - cart. axis [0,1,-1]  

 cryst.   s(38) = (  0    0    1   )
                  (  0    1    0   )
                  (  1    0    0   )

 cart.    s(38) = (  1.000  0.000  0.000 )
                  (  0.000  0.000  1.000 )
                  (  0.000  1.000  0.000 )


      isym = 39     inv.  90 deg rotation - cart. axis [-1,0,0]  

 cryst.   s(39) = (  0    0   -1   )
                  (  1    0   -1   )
                  (  0    1   -1   )

 cart.    s(39) = ( -1.000  0.000  0.000 )
                  (  0.000  0.000 -1.000 )
                  (  0.000  1.000  0.000 )


      isym = 40     inv.  90 deg rotation - cart. axis [1,0,0]   

 cryst.   s(40) = ( -1    1    0   )
                  ( -1    0    1   )
                  ( -1    0    0   )

 cart.    s(40) = ( -1.000  0.000  0.000 )
                  (  0.000  0.000  1.000 )
                  (  0.000 -1.000  0.000 )


      isym = 41     inv. 120 deg rotation - cart. axis [-1,-1,-1]

 cryst.   s(41) = (  1      0     -1     )    f =(   0.2500 )
                  (  1     -1      0     )       (   0.2500 )
                  (  1      0      0     )       (   0.2500 )

 cart.    s(41) = (  0.000 -1.000  0.000 )    f =(  -0.2500 )
                  (  0.000  0.000 -1.000 )       (   0.2500 )
                  ( -1.000  0.000  0.000 )       (   0.2500 )


      isym = 42     inv. 120 deg rotation - cart. axis [-1,1,1]  

 cryst.   s(42) = (  0     -1      0     )    f =(   0.2500 )
                  (  0      0     -1     )       (   0.2500 )
                  ( -1      0      0     )       (   0.2500 )

 cart.    s(42) = (  0.000  1.000  0.000 )    f =(  -0.2500 )
                  (  0.000  0.000 -1.000 )       (   0.2500 )
                  (  1.000  0.000  0.000 )       (   0.2500 )


      isym = 43     inv. 120 deg rotation - cart. axis [1,1,-1]  

 cryst.   s(43) = ( -1      0      1     )    f =(   0.2500 )
                  (  0      0      1     )       (   0.2500 )
                  (  0     -1      1     )       (   0.2500 )

 cart.    s(43) = (  0.000 -1.000  0.000 )    f =(  -0.2500 )
                  (  0.000  0.000  1.000 )       (   0.2500 )
                  (  1.000  0.000  0.000 )       (   0.2500 )


      isym = 44     inv. 120 deg rotation - cart. axis [1,-1,1]  

 cryst.   s(44) = (  0      1      0     )    f =(   0.2500 )
                  ( -1      1      0     )       (   0.2500 )
                  (  0      1     -1     )       (   0.2500 )

 cart.    s(44) = (  0.000  1.000  0.000 )    f =(  -0.2500 )
                  (  0.000  0.000  1.000 )       (   0.2500 )
                  ( -1.000  0.000  0.000 )       (   0.2500 )


      isym = 45     inv. 120 deg rotation - cart. axis [1,1,1]   

 cryst.   s(45) = (  0      0      1     )    f =(   0.2500 )
                  (  0     -1      1     )       (   0.2500 )
                  ( -1      0      1     )       (   0.2500 )

 cart.    s(45) = (  0.000  0.000 -1.000 )    f =(  -0.2500 )
                  ( -1.000  0.000  0.000 )       (   0.2500 )
                  (  0.000 -1.000  0.000 )       (   0.2500 )


      isym = 46     inv. 120 deg rotation - cart. axis [-1,1,-1] 

 cryst.   s(46) = (  1     -1      0     )    f =(   0.2500 )
                  (  1      0      0     )       (   0.2500 )
                  (  1      0     -1     )       (   0.2500 )

 cart.    s(46) = (  0.000  0.000 -1.000 )    f =(  -0.2500 )
                  (  1.000  0.000  0.000 )       (   0.2500 )
                  (  0.000  1.000  0.000 )       (   0.2500 )


      isym = 47     inv. 120 deg rotation - cart. axis [1,-1,-1] 

 cryst.   s(47) = (  0      0     -1     )    f =(   0.2500 )
                  ( -1      0      0     )       (   0.2500 )
                  (  0     -1      0     )       (   0.2500 )

 cart.    s(47) = (  0.000  0.000  1.000 )    f =(  -0.2500 )
                  (  1.000  0.000  0.000 )       (   0.2500 )
                  (  0.000 -1.000  0.000 )       (   0.2500 )


      isym = 48     inv. 120 deg rotation - cart. axis [-1,-1,1] 

 cryst.   s(48) = ( -1      1      0     )    f =(   0.2500 )
                  (  0      1     -1     )       (   0.2500 )
                  (  0      1      0     )       (   0.2500 )

 cart.    s(48) = (  0.000  0.000  1.000 )    f =(  -0.2500 )
                  ( -1.000  0.000  0.000 )       (   0.2500 )
                  (  0.000  1.000  0.000 )       (   0.2500 )


     point group O_h (m-3m) 
     there are 10 classes
     the character table:

       E     8C3   3C2   6C4   6C2'  i     8S6   3s_h  6S4   6s_d 
A_1g   1.00  1.00  1.00  1.00  1.00  1.00  1.00  1.00  1.00  1.00
A_2g   1.00  1.00  1.00 -1.00 -1.00  1.00  1.00  1.00 -1.00 -1.00
E_g    2.00 -1.00  2.00  0.00  0.00  2.00 -1.00  2.00  0.00  0.00
T_1g   3.00  0.00 -1.00  1.00 -1.00  3.00  0.00 -1.00  1.00 -1.00
T_2g   3.00  0.00 -1.00 -1.00  1.00  3.00  0.00 -1.00 -1.00  1.00
A_1u   1.00  1.00  1.00  1.00  1.00 -1.00 -1.00 -1.00 -1.00 -1.00
A_2u   1.00  1.00  1.00 -1.00 -1.00 -1.00 -1.00 -1.00  1.00  1.00
E_u    2.00 -1.00  2.00  0.00  0.00 -2.00  1.00 -2.00  0.00  0.00
T_1u   3.00  0.00 -1.00  1.00 -1.00 -3.00  0.00  1.00 -1.00  1.00
T_2u   3.00  0.00 -1.00 -1.00  1.00 -3.00  0.00  1.00  1.00 -1.00

     the symmetry operations in each class and the name of the first element:

     E        1
          identity                                               
     8C3     17   19   20   18   24   21   22   23
          120 deg rotation - cart. axis [-1,-1,-1]               
     3C2      2    4    3
          180 deg rotation - cart. axis [0,0,1]                  
     6C4      7    8   15   16   12   11
           90 deg rotation - cart. axis [0,0,-1]                 
     6C2'     5    6   14   13   10    9
          180 deg rotation - cart. axis [1,1,0]                  
     i       25
          inversion                                              
     8S6     41   43   44   42   48   45   46   47
          inv. 120 deg rotation - cart. axis [-1,-1,-1]          
     3s_h    26   28   27
          inv. 180 deg rotation - cart. axis [0,0,1]             
     6S4     31   32   39   40   36   35
          inv.  90 deg rotation - cart. axis [0,0,-1]            
     6s_d    29   30   38   37   34   33
          inv. 180 deg rotation - cart. axis [1,1,0]             

     Space group identification,  48 symmetries:

     Bravais lattice   2  face centered cubic                     
     Point group number  32 / 136  O_h (m-3m)

     The coset representatives of the space group with
     the standard order of operations are:

     Fractional translations in crystal coordinates

      PGS    Fract. transl. (all)          Fract. transl. (no shift)   SGS

        E   1 -0.0000 -0.0000 -0.0000      0.0000  0.0000  0.0000         E   1
       2x   4 -0.0000 -0.0000 -0.0000      0.0000  0.0000  0.0000        2x   4
       2y   3 -0.0000 -0.0000 -0.0000      0.0000  0.0000  0.0000        2y   3
       2z   2 -0.0000 -0.0000 -0.0000      0.0000  0.0000  0.0000        2z   2
     3xyz  21 -0.0000 -0.0000 -0.0000      0.0000  0.0000  0.0000      3xyz  21
   3x-y-z  23 -0.0000 -0.0000 -0.0000      0.0000  0.0000  0.0000    3x-y-z  23
   3-xy-z  22 -0.0000 -0.0000 -0.0000      0.0000  0.0000 -0.0000    3-xy-z  22
   3-x-yz  24 -0.0000 -0.0000 -0.0000      0.0000  0.0000  0.0000    3-x-yz  24
  3-x-y-z  17 -0.0000 -0.0000 -0.0000      0.0000  0.0000  0.0000   3-x-y-z  17
    3-xyz  18 -0.0000 -0.0000 -0.0000      0.0000  0.0000  0.0000     3-xyz  18
    3x-yz  20 -0.0000 -0.0000 -0.0000      0.0000  0.0000 -0.0000     3x-yz  20
    3xy-z  19 -0.0000 -0.0000 -0.0000      0.0000  0.0000  0.0000     3xy-z  19
      4-x  15 -0.2500 -0.2500 -0.2500     -0.2500  0.2500 -0.2500      4-x3  88
       4x  16 -0.2500 -0.2500 -0.2500     -0.2500  0.2500 -0.2500       4x1  89
      4-y  12 -0.2500 -0.2500 -0.2500      0.2500 -0.2500 -0.2500      4-y1  81
       4y  11 -0.2500 -0.2500 -0.2500      0.2500 -0.2500 -0.2500       4y3  80
      4-z   7 -0.2500 -0.2500 -0.2500     -0.2500 -0.2500  0.2500      4-z1  70
       4z   8 -0.2500 -0.2500 -0.2500     -0.2500 -0.2500  0.2500       4z3  75
     2y-z  14 -0.2500 -0.2500 -0.2500     -0.0000 -0.0000  0.0000      2y-z  14
      2yz  13 -0.2500 -0.2500 -0.2500     -0.0000 -0.5000  0.0000      2yz1  84
     2x-z  10 -0.2500 -0.2500 -0.2500     -0.5000 -0.0000  0.0000     2x-z1  77
      2xz   9 -0.2500 -0.2500 -0.2500     -0.0000 -0.0000  0.0000       2xz   9
     2x-y   6 -0.2500 -0.2500 -0.2500      0.0000 -0.0000 -0.5000     2x-y1  69
      2xy   5 -0.2500 -0.2500 -0.2500      0.0000 -0.0000 -0.0000       2xy   5
        i  33 -0.2500 -0.2500 -0.2500      0.0000  0.0000  0.0000         i  33
      i2x  36 -0.2500 -0.2500 -0.2500      0.0000 -0.5000  0.0000      i2xd 137
      i2y  35 -0.2500 -0.2500 -0.2500     -0.5000  0.0000  0.0000      i2yd 133
      i2z  34 -0.2500 -0.2500 -0.2500      0.0000  0.0000 -0.5000      i2zd 129
    i3xyz  53 -0.2500 -0.2500 -0.2500      0.0000  0.0000  0.0000     i3xyz  53
  i3x-y-z  55 -0.2500 -0.2500 -0.2500      0.0000  0.0000  0.0000   i3x-y-z  55
  i3-xy-z  54 -0.2500 -0.2500 -0.2500      0.0000  0.0000  0.0000   i3-xy-z  54
  i3-x-yz  56 -0.2500 -0.2500 -0.2500      0.0000  0.0000  0.0000   i3-x-yz  56
 i3-x-y-z  49 -0.2500 -0.2500 -0.2500      0.0000  0.0000  0.0000  i3-x-y-z  49
   i3-xyz  50 -0.2500 -0.2500 -0.2500      0.0000  0.0000  0.0000    i3-xyz  50
   i3x-yz  52 -0.2500 -0.2500 -0.2500      0.0000  0.0000  0.0000    i3x-yz  52
   i3xy-z  51 -0.2500 -0.2500 -0.2500      0.0000  0.0000  0.0000    i3xy-z  51
     i4-x  47 -0.0000 -0.0000 -0.0000      0.0000  0.0000  0.0000      i4-x  47
      i4x  48 -0.0000 -0.0000 -0.0000      0.0000  0.0000  0.0000       i4x  48
     i4-y  44 -0.0000 -0.0000 -0.0000      0.0000  0.0000  0.0000      i4-y  44
      i4y  43 -0.0000 -0.0000 -0.0000      0.0000  0.0000  0.0000       i4y  43
     i4-z  39 -0.0000 -0.0000 -0.0000      0.0000  0.0000  0.0000      i4-z  39
      i4z  40 -0.0000 -0.0000 -0.0000      0.0000  0.0000  0.0000       i4z  40
    i2y-z  46 -0.0000 -0.0000 -0.0000     -0.0000  0.0000  0.0000     i2y-z  46
     i2yz  45 -0.0000 -0.0000 -0.0000      0.0000  0.0000  0.0000      i2yz  45
    i2x-z  42 -0.0000 -0.0000 -0.0000      0.0000  0.0000  0.0000     i2x-z  42
     i2xz  41 -0.0000 -0.0000 -0.0000      0.0000  0.0000  0.0000      i2xz  41
    i2x-y  38 -0.0000 -0.0000 -0.0000      0.0000  0.0000  0.0000     i2x-y  38
     i2xy  37 -0.0000 -0.0000 -0.0000      0.0000  0.0000  0.0000      i2xy  37

     Fractional translations in conventional crystal coordinates

      PGS      Fract. transl. (all)        Fract. transl. (no shift)   SGS

        E   1  0.0000  0.0000  0.0000      0.0000  0.0000  0.0000         E   1
       2x   4  0.0000  0.0000  0.0000      0.0000  0.0000  0.0000        2x   4
       2y   3  0.0000  0.0000  0.0000      0.0000  0.0000  0.0000        2y   3
       2z   2  0.0000  0.0000  0.0000      0.0000  0.0000  0.0000        2z   2
     3xyz  21  0.0000  0.0000  0.0000      0.0000  0.0000  0.0000      3xyz  21
   3x-y-z  23  0.0000  0.0000  0.0000      0.0000  0.0000  0.0000    3x-y-z  23
   3-xy-z  22  0.0000  0.0000  0.0000      0.0000  0.0000  0.0000    3-xy-z  22
   3-x-yz  24  0.0000  0.0000  0.0000      0.0000  0.0000  0.0000    3-x-yz  24
  3-x-y-z  17  0.0000  0.0000  0.0000      0.0000  0.0000  0.0000   3-x-y-z  17
    3-xyz  18  0.0000  0.0000  0.0000      0.0000  0.0000  0.0000     3-xyz  18
    3x-yz  20  0.0000  0.0000  0.0000      0.0000  0.0000  0.0000     3x-yz  20
    3xy-z  19  0.0000  0.0000  0.0000      0.0000  0.0000  0.0000     3xy-z  19
      4-x  15  0.2500 -0.2500 -0.2500      0.2500  0.0000  0.0000      4-x3  88
       4x  16  0.2500 -0.2500 -0.2500      0.2500  0.0000  0.0000       4x1  89
      4-y  12  0.2500 -0.2500 -0.2500      0.0000 -0.2500  0.0000      4-y1  81
       4y  11  0.2500 -0.2500 -0.2500      0.0000 -0.2500  0.0000       4y3  80
      4-z   7  0.2500 -0.2500 -0.2500      0.0000  0.0000 -0.2500      4-z1  70
       4z   8  0.2500 -0.2500 -0.2500      0.0000  0.0000 -0.2500       4z3  75
     2y-z  14  0.2500 -0.2500 -0.2500      0.0000  0.0000 -0.0000      2y-z  14
      2yz  13  0.2500 -0.2500 -0.2500      0.0000 -0.2500 -0.2500      2yz1  84
     2x-z  10  0.2500 -0.2500 -0.2500      0.2500  0.0000 -0.2500     2x-z1  77
      2xz   9  0.2500 -0.2500 -0.2500     -0.0000  0.0000 -0.0000       2xz   9
     2x-y   6  0.2500 -0.2500 -0.2500      0.2500 -0.2500  0.0000     2x-y1  69
      2xy   5  0.2500 -0.2500 -0.2500     -0.0000 -0.0000  0.0000       2xy   5
        i  33  0.2500 -0.2500 -0.2500      0.0000  0.0000  0.0000         i  33
      i2x  36  0.2500 -0.2500 -0.2500     -0.0000 -0.2500 -0.2500      i2xd 137
      i2y  35  0.2500 -0.2500 -0.2500      0.2500  0.0000 -0.2500      i2yd 133
      i2z  34  0.2500 -0.2500 -0.2500      0.2500 -0.2500  0.0000      i2zd 129
    i3xyz  53  0.2500 -0.2500 -0.2500      0.0000  0.0000  0.0000     i3xyz  53
  i3x-y-z  55  0.2500 -0.2500 -0.2500      0.0000  0.0000  0.0000   i3x-y-z  55
  i3-xy-z  54  0.2500 -0.2500 -0.2500      0.0000  0.0000  0.0000   i3-xy-z  54
  i3-x-yz  56  0.2500 -0.2500 -0.2500      0.0000  0.0000  0.0000   i3-x-yz  56
 i3-x-y-z  49  0.2500 -0.2500 -0.2500      0.0000  0.0000  0.0000  i3-x-y-z  49
   i3-xyz  50  0.2500 -0.2500 -0.2500      0.0000  0.0000  0.0000    i3-xyz  50
   i3x-yz  52  0.2500 -0.2500 -0.2500      0.0000  0.0000  0.0000    i3x-yz  52
   i3xy-z  51  0.2500 -0.2500 -0.2500      0.0000  0.0000  0.0000    i3xy-z  51
     i4-x  47  0.0000  0.0000  0.0000      0.0000  0.0000  0.0000      i4-x  47
      i4x  48  0.0000  0.0000  0.0000      0.0000  0.0000  0.0000       i4x  48
     i4-y  44  0.0000  0.0000  0.0000      0.0000  0.0000  0.0000      i4-y  44
      i4y  43  0.0000  0.0000  0.0000      0.0000  0.0000  0.0000       i4y  43
     i4-z  39  0.0000  0.0000  0.0000      0.0000  0.0000  0.0000      i4-z  39
      i4z  40  0.0000  0.0000  0.0000      0.0000  0.0000  0.0000       i4z  40
    i2y-z  46  0.0000  0.0000  0.0000      0.0000  0.0000  0.0000     i2y-z  46
     i2yz  45  0.0000  0.0000  0.0000      0.0000  0.0000  0.0000      i2yz  45
    i2x-z  42  0.0000  0.0000  0.0000      0.0000  0.0000  0.0000     i2x-z  42
     i2xz  41  0.0000  0.0000  0.0000      0.0000  0.0000  0.0000      i2xz  41
    i2x-y  38  0.0000  0.0000  0.0000      0.0000  0.0000  0.0000     i2x-y  38
     i2xy  37  0.0000  0.0000  0.0000      0.0000  0.0000  0.0000      i2xy  37

     PGS = Point group symmetry, SGS = space group symmetry 
     (no shift) means the part of the fractional translation
     that cannot be removed by an origin shift

     Fractional translation shift and origin shift in crystal coordinates

      PGS      FT shift                     Origin shift                 SGS

        E   1 -0.0000 -0.0000 -0.0000      0.0000  0.0000  0.0000         E   1
       2x   4  0.0000  0.0000  0.0000      0.0000  0.0000  0.0000        2x   4
       2y   3  0.0000  0.0000  0.0000      0.0000  0.0000  0.0000        2y   3
       2z   2  0.0000  0.0000  0.0000      0.0000  0.0000  0.0000        2z   2
     3xyz  21  0.0000  0.0000  0.0000      0.0000  0.0000  0.0000      3xyz  21
   3x-y-z  23  0.0000  0.0000  0.0000      0.0000  0.0000  0.0000    3x-y-z  23
   3-xy-z  22 -0.0000  0.0000  0.0000      0.0000  0.0000  0.0000    3-xy-z  22
   3-x-yz  24 -0.0000  0.0000  0.0000      0.0000  0.0000  0.0000    3-x-yz  24
  3-x-y-z  17  0.0000  0.0000  0.0000      0.0000  0.0000  0.0000   3-x-y-z  17
    3-xyz  18  0.0000  0.0000  0.0000      0.0000  0.0000  0.0000     3-xyz  18
    3x-yz  20 -0.0000  0.0000  0.0000      0.0000  0.0000  0.0000     3x-yz  20
    3xy-z  19 -0.0000  0.0000  0.0000      0.0000  0.0000  0.0000     3xy-z  19
      4-x  15  0.0000 -0.5000  0.0000      0.2500 -0.2500 -0.2500      4-x3  88
       4x  16  0.0000 -0.5000  0.0000     -0.2500 -0.2500  0.2500       4x1  89
      4-y  12 -0.5000  0.0000  0.0000     -0.2500  0.2500 -0.2500      4-y1  81
       4y  11 -0.5000  0.0000  0.0000     -0.2500 -0.2500  0.2500       4y3  80
      4-z   7  0.0000  0.0000 -0.5000      0.2500 -0.2500 -0.2500      4-z1  70
       4z   8  0.0000  0.0000 -0.5000     -0.2500  0.2500 -0.2500       4z3  75
     2y-z  14 -0.2500 -0.2500 -0.2500     -0.1250 -0.1250 -0.1250      2y-z  14
      2yz  13 -0.2500  0.2500 -0.2500     -0.1250  0.1250 -0.1250      2yz1  84
     2x-z  10  0.2500 -0.2500 -0.2500      0.1250 -0.1250 -0.1250     2x-z1  77
      2xz   9 -0.2500 -0.2500 -0.2500     -0.1250 -0.1250 -0.1250       2xz   9
     2x-y   6 -0.2500 -0.2500  0.2500     -0.1250 -0.1250  0.1250     2x-y1  69
      2xy   5 -0.2500 -0.2500 -0.2500     -0.1250 -0.1250 -0.1250       2xy   5
        i  33 -0.2500 -0.2500 -0.2500     -0.1250 -0.1250 -0.1250         i  33
      i2x  36 -0.2500  0.2500 -0.2500     -0.1250  0.1250 -0.1250      i2xd 137
      i2y  35  0.2500 -0.2500 -0.2500      0.1250 -0.1250 -0.1250      i2yd 133
      i2z  34 -0.2500 -0.2500  0.2500     -0.1250 -0.1250  0.1250      i2zd 129
    i3xyz  53 -0.2500 -0.2500 -0.2500      0.3750 -0.1250 -0.6250     i3xyz  53
  i3x-y-z  55 -0.2500 -0.2500 -0.2500     -0.1250 -0.1250 -0.1250   i3x-y-z  55
  i3-xy-z  54 -0.2500 -0.2500 -0.2500     -0.6250  0.3750 -0.1250   i3-xy-z  54
  i3-x-yz  56 -0.2500 -0.2500 -0.2500     -0.1250 -0.6250  0.3750   i3-x-yz  56
 i3-x-y-z  49 -0.2500 -0.2500 -0.2500     -0.6250 -0.1250  0.3750  i3-x-y-z  49
   i3-xyz  50 -0.2500 -0.2500 -0.2500     -0.1250 -0.1250 -0.1250    i3-xyz  50
   i3x-yz  52 -0.2500 -0.2500 -0.2500      0.3750 -0.6250 -0.1250    i3x-yz  52
   i3xy-z  51 -0.2500 -0.2500 -0.2500     -0.1250  0.3750 -0.6250    i3xy-z  51
     i4-x  47 -0.0000 -0.0000 -0.0000      0.0000  0.0000  0.0000      i4-x  47
      i4x  48 -0.0000 -0.0000 -0.0000      0.0000  0.0000  0.0000       i4x  48
     i4-y  44 -0.0000 -0.0000 -0.0000      0.0000  0.0000  0.0000      i4-y  44
      i4y  43 -0.0000 -0.0000 -0.0000      0.0000  0.0000  0.0000       i4y  43
     i4-z  39 -0.0000 -0.0000 -0.0000      0.0000  0.0000  0.0000      i4-z  39
      i4z  40 -0.0000 -0.0000 -0.0000      0.0000  0.0000  0.0000       i4z  40
    i2y-z  46  0.0000  0.0000 -0.0000      0.0000  0.0000  0.0000     i2y-z  46
     i2yz  45  0.0000  0.0000  0.0000      0.0000  0.0000  0.0000      i2yz  45
    i2x-z  42  0.0000  0.0000  0.0000      0.0000  0.0000  0.0000     i2x-z  42
     i2xz  41  0.0000  0.0000  0.0000      0.0000  0.0000  0.0000      i2xz  41
    i2x-y  38  0.0000  0.0000  0.0000      0.0000  0.0000  0.0000     i2x-y  38
     i2xy  37  0.0000  0.0000  0.0000      0.0000  0.0000  0.0000      i2xy  37

     Fractional translation shift and origin shift in conventional
     crystal coordinates

      PGS      FT shift                    Origin shift                 SGS

        E   1  0.0000  0.0000  0.0000      0.0000  0.0000  0.0000         E   1
       2x   4  0.0000  0.0000  0.0000      0.0000  0.0000  0.0000        2x   4
       2y   3  0.0000  0.0000  0.0000      0.0000  0.0000  0.0000        2y   3
       2z   2  0.0000  0.0000  0.0000      0.0000  0.0000  0.0000        2z   2
     3xyz  21  0.0000  0.0000  0.0000      0.0000  0.0000  0.0000      3xyz  21
   3x-y-z  23  0.0000  0.0000  0.0000      0.0000  0.0000  0.0000    3x-y-z  23
   3-xy-z  22  0.0000  0.0000  0.0000      0.0000  0.0000  0.0000    3-xy-z  22
   3-x-yz  24  0.0000  0.0000  0.0000      0.0000  0.0000  0.0000    3-x-yz  24
  3-x-y-z  17  0.0000  0.0000  0.0000      0.0000  0.0000  0.0000   3-x-y-z  17
    3-xyz  18  0.0000  0.0000  0.0000      0.0000  0.0000  0.0000     3-xyz  18
    3x-yz  20  0.0000  0.0000  0.0000      0.0000  0.0000  0.0000     3x-yz  20
    3xy-z  19  0.0000  0.0000  0.0000      0.0000  0.0000  0.0000     3xy-z  19
      4-x  15 -0.0000 -0.2500 -0.2500      0.0000 -0.2500  0.0000      4-x3  88
       4x  16 -0.0000 -0.2500 -0.2500      0.0000  0.0000 -0.2500       4x1  89
      4-y  12  0.2500  0.0000 -0.2500      0.2500  0.0000  0.0000      4-y1  81
       4y  11  0.2500  0.0000 -0.2500      0.0000  0.0000 -0.2500       4y3  80
      4-z   7  0.2500 -0.2500  0.0000      0.0000 -0.2500  0.0000      4-z1  70
       4z   8  0.2500 -0.2500  0.0000      0.2500  0.0000  0.0000       4z3  75
     2y-z  14  0.2500 -0.2500 -0.2500      0.1250 -0.1250 -0.1250      2y-z  14
      2yz  13  0.2500 -0.0000  0.0000      0.1250 -0.0000  0.0000      2yz1  84
     2x-z  10  0.0000 -0.2500  0.0000      0.0000 -0.1250  0.0000     2x-z1  77
      2xz   9  0.2500 -0.2500 -0.2500      0.1250 -0.1250 -0.1250       2xz   9
     2x-y   6  0.0000  0.0000 -0.2500      0.0000  0.0000 -0.1250     2x-y1  69
      2xy   5  0.2500 -0.2500 -0.2500      0.1250 -0.1250 -0.1250       2xy   5
        i  33  0.2500 -0.2500 -0.2500      0.1250 -0.1250 -0.1250         i  33
      i2x  36  0.2500  0.0000  0.0000      0.1250  0.0000  0.0000      i2xd 137
      i2y  35  0.0000 -0.2500  0.0000      0.0000 -0.1250  0.0000      i2yd 133
      i2z  34  0.0000  0.0000 -0.2500      0.0000  0.0000 -0.1250      i2zd 129
    i3xyz  53  0.2500 -0.2500 -0.2500      0.1250 -0.3750  0.1250     i3xyz  53
  i3x-y-z  55  0.2500 -0.2500 -0.2500      0.1250 -0.1250 -0.1250   i3x-y-z  55
  i3-xy-z  54  0.2500 -0.2500 -0.2500      0.3750  0.1250 -0.1250   i3-xy-z  54
  i3-x-yz  56  0.2500 -0.2500 -0.2500     -0.1250 -0.1250 -0.3750   i3-x-yz  56
 i3-x-y-z  49  0.2500 -0.2500 -0.2500      0.1250  0.1250 -0.3750  i3-x-y-z  49
   i3-xyz  50  0.2500 -0.2500 -0.2500      0.1250 -0.1250 -0.1250    i3-xyz  50
   i3x-yz  52  0.2500 -0.2500 -0.2500     -0.1250 -0.3750 -0.1250    i3x-yz  52
   i3xy-z  51  0.2500 -0.2500 -0.2500      0.3750 -0.1250  0.1250    i3xy-z  51
     i4-x  47  0.0000  0.0000  0.0000      0.0000  0.0000  0.0000      i4-x  47
      i4x  48  0.0000  0.0000  0.0000      0.0000  0.0000  0.0000       i4x  48
     i4-y  44  0.0000  0.0000  0.0000      0.0000  0.0000  0.0000      i4-y  44
      i4y  43  0.0000  0.0000  0.0000      0.0000  0.0000  0.0000       i4y  43
     i4-z  39  0.0000  0.0000  0.0000      0.0000  0.0000  0.0000      i4-z  39
      i4z  40  0.0000  0.0000  0.0000      0.0000  0.0000  0.0000       i4z  40
    i2y-z  46  0.0000  0.0000  0.0000      0.0000  0.0000  0.0000     i2y-z  46
     i2yz  45  0.0000  0.0000  0.0000      0.0000  0.0000  0.0000      i2yz  45
    i2x-z  42  0.0000  0.0000  0.0000      0.0000  0.0000  0.0000     i2x-z  42
     i2xz  41  0.0000  0.0000  0.0000      0.0000  0.0000  0.0000      i2xz  41
    i2x-y  38  0.0000  0.0000  0.0000      0.0000  0.0000  0.0000     i2x-y  38
     i2xy  37  0.0000  0.0000  0.0000      0.0000  0.0000  0.0000      i2xy  37
 

     The origin shift gives the point of application of the symmetry
     Subtract this vector from all atomic coordinates
     to have this symmetry centered at the origin
 

     Space group number  227

     Space group Fd-3m   (group number 227).
     The origin coincides with the ITA tables (origin choice 1).

     To shift to origin choice 2 subtract to all coordinates:
                 (cryst. coord.)                  (cart. coord.)
       -0.1250000  -0.1250000  -0.1250000     0.1250000  -0.1250000  -0.1250000

     The Laue class is O_h (m-3m) 

     ----------------------------------------------------------------------
     Ions are relaxed in each calculation
     ----------------------------------------------------------------------

     Total mass of this unit cell         56.1720 a.m.u.
     Density of this solid                2372.60 kg/m^3         2.3726 g/cm^3

  ++++++++++++++++++++++++++++++++++++++++++++++++++++++++++++++++++++++++++++
     Doing a self-consistent calculation
  ++++++++++++++++++++++++++++++++++++++++++++++++++++++++++++++++++++++++++++


     Current dimensions of program PWSCF are:
     Max number of different atomic species (ntypx) = 10
     Max number of k-points (npk) =    120000
     Max angular momentum in pseudopotentials (lmaxx) =  4

     WARNING: check_stop already initialized
 
     K-points division:     npool     =       2
     R & G space division:  proc/nbgrp/npool/nimage =       6
     Subspace diagonalization in iterative solution of the eigenvalue problem:
     a serial algorithm will be used

 
     Parallelization info
     --------------------
     sticks:   dense  smooth     PW     G-vecs:    dense   smooth      PW
     Min          58      58     20                  712      712     144
     Max          59      59     21                  715      715     146
     Sum         349     349    121                 4279     4279     869
 
     Using Slab Decomposition
 


     bravais-lattice index     =            2
     lattice parameter (alat)  =      10.2000  a.u.
     unit-cell volume          =     265.3020 (a.u.)^3
     number of atoms/cell      =            2
     number of atomic types    =            1
     number of electrons       =         8.00
     number of Kohn-Sham states=            4
     kinetic-energy cutoff     =      24.0000  Ry
     charge density cutoff     =      96.0000  Ry
     scf convergence threshold =      1.0E-08
     mixing beta               =       0.7000
     number of iterations used =            8  plain     mixing
     Exchange-correlation= SLA  PZ   NOGX NOGC
                           (   1   1   0   0   0   0   0)

     celldm(1)=  10.200000  celldm(2)=   0.000000  celldm(3)=   0.000000
     celldm(4)=   0.000000  celldm(5)=   0.000000  celldm(6)=   0.000000

     crystal axes: (cart. coord. in units of alat)
               a(1) = (  -0.500000   0.000000   0.500000 )  
               a(2) = (   0.000000   0.500000   0.500000 )  
               a(3) = (  -0.500000   0.500000   0.000000 )  

     reciprocal axes: (cart. coord. in units 2 pi/alat)
               b(1) = ( -1.000000 -1.000000  1.000000 )  
               b(2) = (  1.000000  1.000000  1.000000 )  
               b(3) = ( -1.000000  1.000000 -1.000000 )  


     PseudoPot. # 1 for Si read from file:
     /scratch/RUNNING_QE/q-e-qe-7.6/pseudo/Si.pz-vbc.UPF
     MD5 check sum: 9f25e6ff280f3123e9b3a84715b2e9c9
     Pseudo is Norm-conserving, Zval =  4.0
     Generated by new atomic code, or converted to UPF format
     Using radial grid of  431 points,  2 beta functions with: 
                l(1) =   0
                l(2) =   1

     atomic species   valence    mass     pseudopotential
     Si                4.00    28.08600     Si( 1.00)

     48 Sym. Ops., with inversion, found (24 have fractional translation)



   Cartesian axes

     site n.     atom                  positions (alat units)
         1        Si     tau(   1) = (   0.0000000   0.0000000   0.0000000  )
         2        Si     tau(   2) = (   0.2500000   0.2500000   0.2500000  )

     number of k points=    10
                       cart. coord. in units 2pi/alat
        k(    1) = (  -0.1250000   0.1250000   0.1250000), wk =   0.0625000
        k(    2) = (  -0.3750000   0.3750000  -0.1250000), wk =   0.1875000
        k(    3) = (   0.3750000  -0.3750000   0.6250000), wk =   0.1875000
        k(    4) = (   0.1250000  -0.1250000   0.3750000), wk =   0.1875000
        k(    5) = (  -0.1250000   0.6250000   0.1250000), wk =   0.1875000
        k(    6) = (   0.6250000  -0.1250000   0.8750000), wk =   0.3750000
        k(    7) = (   0.3750000   0.1250000   0.6250000), wk =   0.3750000
        k(    8) = (  -0.1250000  -0.8750000   0.1250000), wk =   0.1875000
        k(    9) = (  -0.3750000   0.3750000   0.3750000), wk =   0.0625000
        k(   10) = (   0.3750000  -0.3750000   1.1250000), wk =   0.1875000

     Dense  grid:     4279 G-vectors     FFT dimensions: (  24,  24,  24)

     Estimated max dynamical RAM per process >       0.59 MB

     Estimated total dynamical RAM >       6.03 MB

     Initial potential from superposition of free atoms

     starting charge       7.9990, renormalised to       8.0000
     Starting wfcs are    8 randomized atomic wfcs

     total cpu time spent up to now is        0.1 secs

     Self-consistent Calculation

     iteration #  1     ecut=    24.00 Ry     beta= 0.70
     Davidson diagonalization with overlap
     ethr =  1.00E-02,  avg # of iterations =  2.0

     Threshold (ethr) on eigenvalues was too large:
     Diagonalizing with lowered threshold

     Davidson diagonalization with overlap
     ethr =  6.95E-04,  avg # of iterations =  1.0

     total cpu time spent up to now is        0.2 secs

     total energy              =     -15.84708812 Ry
     estimated scf accuracy    <       0.06122391 Ry

     iteration #  2     ecut=    24.00 Ry     beta= 0.70
     Davidson diagonalization with overlap
     ethr =  7.65E-04,  avg # of iterations =  1.0

     total cpu time spent up to now is        0.2 secs

     total energy              =     -15.85030920 Ry
     estimated scf accuracy    <       0.00221180 Ry

     iteration #  3     ecut=    24.00 Ry     beta= 0.70
     Davidson diagonalization with overlap
     ethr =  2.76E-05,  avg # of iterations =  2.5

     total cpu time spent up to now is        0.2 secs

     total energy              =     -15.85079253 Ry
     estimated scf accuracy    <       0.00007436 Ry

     iteration #  4     ecut=    24.00 Ry     beta= 0.70
     Davidson diagonalization with overlap
     ethr =  9.30E-07,  avg # of iterations =  2.8

     total cpu time spent up to now is        0.2 secs

     total energy              =     -15.85081628 Ry
     estimated scf accuracy    <       0.00000278 Ry

     iteration #  5     ecut=    24.00 Ry     beta= 0.70
     Davidson diagonalization with overlap
     ethr =  3.48E-08,  avg # of iterations =  3.9

     total cpu time spent up to now is        0.2 secs

     total energy              =     -15.85081789 Ry
     estimated scf accuracy    <       0.00000014 Ry

     iteration #  6     ecut=    24.00 Ry     beta= 0.70
     Davidson diagonalization with overlap
     ethr =  1.72E-09,  avg # of iterations =  2.8

     total cpu time spent up to now is        0.3 secs

     End of self-consistent calculation

          k =-0.1250 0.1250 0.1250 (   534 PWs)   bands (ev):

    -5.6139   4.6326   5.9403   5.9403

          k =-0.3750 0.3750-0.1250 (   526 PWs)   bands (ev):

    -4.5483   1.5827   3.8821   5.4510

          k = 0.3750-0.3750 0.6250 (   530 PWs)   bands (ev):

    -3.3459  -0.5904   3.9246   4.6466

          k = 0.1250-0.1250 0.3750 (   531 PWs)   bands (ev):

    -5.0673   3.0065   4.8906   4.9782

          k =-0.1250 0.6250 0.1250 (   528 PWs)   bands (ev):

    -3.9986   1.2998   3.5090   3.9849

          k = 0.6250-0.1250 0.8750 (   522 PWs)   bands (ev):

    -2.2826  -0.7124   2.0738   3.2050

          k = 0.3750 0.1250 0.6250 (   526 PWs)   bands (ev):

    -3.5605   0.3663   2.8490   4.2660

          k =-0.1250-0.8750 0.1250 (   521 PWs)   bands (ev):

    -2.4720  -0.6037   2.7180   3.5014

          k =-0.3750 0.3750 0.3750 (   528 PWs)   bands (ev):

    -4.0928   0.2250   5.1321   5.1321

          k = 0.3750-0.3750 1.1250 (   526 PWs)   bands (ev):

    -2.8346  -0.4466   2.1551   4.3148

     highest occupied level (ev):     5.9403

!    total energy              =     -15.85081793 Ry
     estimated scf accuracy    <          1.2E-09 Ry

     The total energy is the sum of the following terms:
     one-electron contribution =       4.78743515 Ry
     hartree contribution      =       1.07829654 Ry
     xc contribution           =      -4.81679104 Ry
     ewald contribution        =     -16.89975858 Ry

     convergence has been achieved in   6 iterations

     Writing all to output data dir /scratch/RUNNING_QE/q-e-qe-7.6/tempdir//g1/silicon.save/ :
     XML data file, charge density, pseudopotentials, collected wavefunctions

     %%%%%%%%%%%%%%%%%%%%%%%%%%%%%%%%%%%%%%%%
     Computing geometry     1
     %%%%%%%%%%%%%%%%%%%%%%%%%%%%%%%%%%%%%%%%

     Waiting for input...
     Reading input from standard input

     Reading xml data from directory:

     /scratch/RUNNING_QE/q-e-qe-7.6/tempdir//g1/silicon.save/

     IMPORTANT: XC functional enforced from input :
     Exchange-correlation= PZ
                           (   1   1   0   0   0   0   0)
     Any further DFT definition will be discarded
     Please, verify this is what you really want

 
     Parallelization info
     --------------------
     sticks:   dense  smooth     PW     G-vecs:    dense   smooth      PW
     Min          58      58     20                  712      712     144
     Max          59      59     21                  715      715     146
     Sum         349     349    121                 4279     4279     869
 
     Using Slab Decomposition
 
     Reading collected, re-writing distributed wavefunctions in /scratch/RUNNING_QE/q-e-qe-7.6/tempdir//g1/


     Dynamical matrices for ( 2, 2, 2)  uniform grid of q-points
     (   3q-points):
       N         xq(1)         xq(2)         xq(3) 
       1   0.000000000   0.000000000   0.000000000
       2   0.500000000  -0.500000000   0.500000000
       3   0.000000000  -1.000000000   0.000000000

     Number and degeneracy of irreps per q-point
       N         xq(1)         xq(2)         xq(3)   N irreps
       1   0.000000000   0.000000000   0.000000000       2
        3   3
       2   0.500000000  -0.500000000   0.500000000       4
        1   2   1   2
       3   0.000000000  -1.000000000   0.000000000       3
        2   2   2

  ++++++++++++++++++++++++++++++++++++++++++++++++++++++++++++++++++++++++++++
     Doing work    1 /     1
     Doing the work of image    1 of geometry    1
      q point number     1, representations:
       0 1 2
      q point number     2, representations:
       0 1 2 3 4
      q point number     3, representations:
       0 1 2 3
  ++++++++++++++++++++++++++++++++++++++++++++++++++++++++++++++++++++++++++++


                          --------------------------
     Calculation of q =    0.0000000   0.0000000   0.0000000
                          --------------------------

 
     Parallelization info
     --------------------
     sticks:   dense  smooth     PW     G-vecs:    dense   smooth      PW
     Min          58      58     20                  712      712     144
     Max          59      59     21                  715      715     146
     Sum         349     349    121                 4279     4279     869
 
     Using Slab Decomposition
 


     bravais-lattice index     =            2
     lattice parameter (alat)  =      10.2000  a.u.
     unit-cell volume          =     265.3020 (a.u.)^3
     number of atoms/cell      =            2
     number of atomic types    =            1
     number of electrons       =         8.00
     number of Kohn-Sham states=            4
     kinetic-energy cutoff     =      24.0000  Ry
     charge density cutoff     =      96.0000  Ry
     Exchange-correlation= PZ
                           (   1   1   0   0   0   0   0)

     celldm(1)=  10.200000  celldm(2)=   0.000000  celldm(3)=   0.000000
     celldm(4)=   0.000000  celldm(5)=   0.000000  celldm(6)=   0.000000

     crystal axes: (cart. coord. in units of alat)
               a(1) = (  -0.500000   0.000000   0.500000 )  
               a(2) = (   0.000000   0.500000   0.500000 )  
               a(3) = (  -0.500000   0.500000   0.000000 )  

     reciprocal axes: (cart. coord. in units 2 pi/alat)
               b(1) = ( -1.000000 -1.000000  1.000000 )  
               b(2) = (  1.000000  1.000000  1.000000 )  
               b(3) = ( -1.000000  1.000000 -1.000000 )  


     PseudoPot. # 1 for Si read from file:
     /scratch/RUNNING_QE/q-e-qe-7.6/pseudo/Si.pz-vbc.UPF
     MD5 check sum: 9f25e6ff280f3123e9b3a84715b2e9c9
     Pseudo is Norm-conserving, Zval =  4.0
     Generated by new atomic code, or converted to UPF format
     Using radial grid of  431 points,  2 beta functions with: 
                l(1) =   0
                l(2) =   1

     atomic species   valence    mass     pseudopotential
     Si                4.00    28.08600     Si( 1.00)

     48 Sym. Ops., with inversion, found (24 have fractional translation)



   Cartesian axes

     site n.     atom                  positions (alat units)
         1        Si     tau(   1) = (   0.0000000   0.0000000   0.0000000  )
         2        Si     tau(   2) = (   0.2500000   0.2500000   0.2500000  )

     number of k points=    10
                       cart. coord. in units 2pi/alat
        k(    1) = (  -0.1250000   0.1250000   0.1250000), wk =   0.0625000
        k(    2) = (  -0.3750000   0.3750000  -0.1250000), wk =   0.1875000
        k(    3) = (   0.3750000  -0.3750000   0.6250000), wk =   0.1875000
        k(    4) = (   0.1250000  -0.1250000   0.3750000), wk =   0.1875000
        k(    5) = (  -0.1250000   0.6250000   0.1250000), wk =   0.1875000
        k(    6) = (   0.6250000  -0.1250000   0.8750000), wk =   0.3750000
        k(    7) = (   0.3750000   0.1250000   0.6250000), wk =   0.3750000
        k(    8) = (  -0.1250000  -0.8750000   0.1250000), wk =   0.1875000
        k(    9) = (  -0.3750000   0.3750000   0.3750000), wk =   0.0625000
        k(   10) = (   0.3750000  -0.3750000   1.1250000), wk =   0.1875000

     Dense  grid:     4279 G-vectors     FFT dimensions: (  24,  24,  24)

     Estimated max dynamical RAM per process >       0.39 MB

     Estimated total dynamical RAM >       4.69 MB

     The potential is recalculated from file :
     /scratch/RUNNING_QE/q-e-qe-7.6/tempdir//g1/_ph0/silicon.save/charge-density

     Starting wfcs are    8 atomic wfcs

     Band Structure Calculation
     Davidson diagonalization with overlap

     ethr =  1.25E-10,  avg # of iterations = 12.0

     Total points   10
     Diagonalized points   10   Symmetrized points    0

     total cpu time spent up to now is        0.6 secs

     End of band structure calculation

          k =-0.1250 0.1250 0.1250 (   534 PWs)   bands (ev):

    -5.6138   4.6327   5.9404   5.9404

          k =-0.3750 0.3750-0.1250 (   526 PWs)   bands (ev):

    -4.5483   1.5828   3.8822   5.4511

          k = 0.3750-0.3750 0.6250 (   530 PWs)   bands (ev):

    -3.3458  -0.5903   3.9247   4.6467

          k = 0.1250-0.1250 0.3750 (   531 PWs)   bands (ev):

    -5.0672   3.0066   4.8907   4.9782

          k =-0.1250 0.6250 0.1250 (   528 PWs)   bands (ev):

    -3.9985   1.2999   3.5091   3.9849

          k = 0.6250-0.1250 0.8750 (   522 PWs)   bands (ev):

    -2.2825  -0.7123   2.0738   3.2050

          k = 0.3750 0.1250 0.6250 (   526 PWs)   bands (ev):

    -3.5604   0.3663   2.8491   4.2661

          k =-0.1250-0.8750 0.1250 (   521 PWs)   bands (ev):

    -2.4719  -0.6036   2.7180   3.5015

          k =-0.3750 0.3750 0.3750 (   528 PWs)   bands (ev):

    -4.0927   0.2251   5.1322   5.1322

          k = 0.3750-0.3750 1.1250 (   526 PWs)   bands (ev):

    -2.8345  -0.4465   2.1552   4.3149

     highest occupied level (ev):     5.9404

     Writing config to output data dir /scratch/RUNNING_QE/q-e-qe-7.6/tempdir//g1/_ph0/silicon.save/ :
     XML data file

                                                                                

     bravais-lattice index     =            2
     lattice parameter (alat)  =      10.2000  a.u.
     unit-cell volume          =     265.3020 (a.u.)^3
     number of atoms/cell      =            2
     number of atomic types    =            1
     kinetic-energy cut-off    =      24.0000  Ry
     charge density cut-off    =      96.0000  Ry
     convergence threshold     =      1.0E-12
     beta                      =       0.7000
     number of iterations used =            4
     Exchange-correlation= PZ
                           (   1   1   0   0   0   0   0)


     celldm(1)=   10.20000  celldm(2)=    0.00000  celldm(3)=    0.00000
     celldm(4)=    0.00000  celldm(5)=    0.00000  celldm(6)=    0.00000

     crystal axes: (cart. coord. in units of alat)
               a(1) = ( -0.5000  0.0000  0.5000 )  
               a(2) = (  0.0000  0.5000  0.5000 )  
               a(3) = ( -0.5000  0.5000  0.0000 )  

     reciprocal axes: (cart. coord. in units 2 pi/alat)
               b(1) = ( -1.0000 -1.0000  1.0000 )  
               b(2) = (  1.0000  1.0000  1.0000 )  
               b(3) = ( -1.0000  1.0000 -1.0000 )  


     Atoms inside the unit cell: 

     Cartesian axes

     site n.  atom      mass           positions (alat units)
        1  Si     28.0860   tau(    1) = (    0.00000    0.00000    0.00000  )
        2  Si     28.0860   tau(    2) = (    0.25000    0.25000    0.25000  )

     Computing dynamical matrix for 
                    q = (   0.0000000   0.0000000   0.0000000 )
 
     49 Sym.Ops. (with q -> -q+G )


     G cutoff =  252.9949  (    715 G-vectors)     FFT grid: ( 24, 24, 24)
     number of k points=    10

     PseudoPot. # 1 for Si read from file:
     /scratch/RUNNING_QE/q-e-qe-7.6/pseudo/Si.pz-vbc.UPF
     MD5 check sum: 9f25e6ff280f3123e9b3a84715b2e9c9
     Pseudo is Norm-conserving, Zval =  4.0
     Generated by new atomic code, or converted to UPF format
     Using radial grid of  431 points,  2 beta functions with: 
                l(1) =   0
                l(2) =   1

     Mode symmetry, O_h (m-3m)  point group:


     Electric field:
     Dielectric constant
     Born effective charges in two ways 


     Atomic displacements:
     There are   2 irreducible representations

     Representation     1      3 modes -  To be done

     Representation     2      3 modes -  To be done



     Alpha used in Ewald sum =   1.0000
     PHONON       :      0.22s CPU      0.32s WALL (       1 calls)

     Electric Fields Calculation

      iter #        1 total cpu time :     0.8 secs 
      thresh= 1.200E-10                |ddv_scf|^2 =  0.000E+00

      iter #        2 total cpu time :     0.9 secs 
      thresh= 1.200E-10                |ddv_scf|^2 =  2.202E+00

      iter #        3 total cpu time :     1.1 secs 
      thresh= 1.200E-10                |ddv_scf|^2 =  3.941E-01

      iter #        4 total cpu time :     1.2 secs 
      thresh= 1.200E-10                |ddv_scf|^2 =  7.185E-02

      iter #        5 total cpu time :     1.3 secs 
      thresh= 1.200E-10                |ddv_scf|^2 =  1.958E-02

      iter #        6 total cpu time :     1.5 secs 
      thresh= 1.200E-10                |ddv_scf|^2 =  4.065E-03

      iter #        7 total cpu time :     1.6 secs 
      thresh= 1.200E-10                |ddv_scf|^2 =  9.663E-04

      iter #        8 total cpu time :     1.7 secs 
      thresh= 1.200E-10                |ddv_scf|^2 =  1.756E-04

      iter #        9 total cpu time :     1.9 secs 
      thresh= 1.200E-10                |ddv_scf|^2 =  4.770E-05

      iter #       10 total cpu time :     1.9 secs 
      thresh= 1.200E-10                |ddv_scf|^2 =  7.668E-06

      iter #       11 total cpu time :     2.0 secs 
      thresh= 1.200E-10                |ddv_scf|^2 =  1.507E-06

      iter #       12 total cpu time :     2.1 secs 
      thresh= 1.200E-10                |ddv_scf|^2 =  4.106E-07

      iter #       13 total cpu time :     2.2 secs 
      thresh= 1.200E-10                |ddv_scf|^2 =  7.164E-08

      iter #       14 total cpu time :     2.3 secs 
      thresh= 1.200E-10                |ddv_scf|^2 =  1.675E-08

      iter #       15 total cpu time :     2.4 secs 
      thresh= 1.200E-10                |ddv_scf|^2 =  2.817E-09

      iter #       16 total cpu time :     2.4 secs 
      thresh= 1.200E-10                |ddv_scf|^2 =  6.820E-10

      iter #       17 total cpu time :     2.5 secs 
      thresh= 1.200E-10                |ddv_scf|^2 =  1.787E-10

      iter #       18 total cpu time :     2.6 secs 
      thresh= 1.200E-10                |ddv_scf|^2 =  5.117E-11

     End of electric fields calculation

          Dielectric constant in cartesian axis 

          (      13.829152133      -0.000000000      -0.000000000 )
          (      -0.000000000      13.829152133      -0.000000000 )
          (      -0.000000000       0.000000000      13.829152133 )

          Effective charges (d Force / dE) in cartesian axis without acoustic sum rule applied (asr)

           atom    1  Si    Mean Z*:       -0.07625
      Ex  (       -0.07625        0.00000        0.00000 )
      Ey  (        0.00000       -0.07625       -0.00000 )
      Ez  (        0.00000       -0.00000       -0.07625 )
           atom    2  Si    Mean Z*:       -0.07625
      Ex  (       -0.07625       -0.00000        0.00000 )
      Ey  (        0.00000       -0.07625       -0.00000 )
      Ez  (        0.00000       -0.00000       -0.07625 )

          Effective charges Sum: Mean:       -0.15249
             -0.15249        0.00000        0.00000
              0.00000       -0.15249       -0.00000
              0.00000       -0.00000       -0.15249

          Effective charges (d Force / dE) in cartesian axis with asr applied: 
           atom    1  Si    Mean Z*:        0.00000
      E*x (        0.00000        0.00000       -0.00000 )
      E*y (        0.00000        0.00000       -0.00000 )
      E*z (       -0.00000       -0.00000        0.00000 )
           atom    2  Si    Mean Z*:       -0.00000
      E*x (       -0.00000       -0.00000        0.00000 )
      E*y (       -0.00000       -0.00000        0.00000 )
      E*z (        0.00000        0.00000        0.00000 )


     Representation #   1 modes #   1   2   3

     Self-consistent Calculation

      iter #        1 total cpu time :     2.8 secs 
      thresh= 1.200E-10                |ddv_scf|^2 =  0.000E+00

      iter #        2 total cpu time :     2.8 secs 
      thresh= 1.200E-10                |ddv_scf|^2 =  9.345E-02

      iter #        3 total cpu time :     3.0 secs 
      thresh= 1.200E-10                |ddv_scf|^2 =  1.031E-02

      iter #        4 total cpu time :     3.1 secs 
      thresh= 1.200E-10                |ddv_scf|^2 =  2.509E-03

      iter #        5 total cpu time :     3.1 secs 
      thresh= 1.200E-10                |ddv_scf|^2 =  4.691E-04

      iter #        6 total cpu time :     3.2 secs 
      thresh= 1.200E-10                |ddv_scf|^2 =  1.373E-04

      iter #        7 total cpu time :     3.3 secs 
      thresh= 1.200E-10                |ddv_scf|^2 =  4.164E-05

      iter #        8 total cpu time :     3.4 secs 
      thresh= 1.200E-10                |ddv_scf|^2 =  8.759E-06

      iter #        9 total cpu time :     3.5 secs 
      thresh= 1.200E-10                |ddv_scf|^2 =  2.727E-06

      iter #       10 total cpu time :     3.5 secs 
      thresh= 1.200E-10                |ddv_scf|^2 =  6.093E-07

      iter #       11 total cpu time :     3.6 secs 
      thresh= 1.200E-10                |ddv_scf|^2 =  1.451E-07

      iter #       12 total cpu time :     3.7 secs 
      thresh= 1.200E-10                |ddv_scf|^2 =  3.726E-08

      iter #       13 total cpu time :     3.8 secs 
      thresh= 1.200E-10                |ddv_scf|^2 =  8.002E-09

      iter #       14 total cpu time :     3.9 secs 
      thresh= 1.200E-10                |ddv_scf|^2 =  2.139E-09

      iter #       15 total cpu time :     3.9 secs 
      thresh= 1.200E-10                |ddv_scf|^2 =  5.851E-10

      iter #       16 total cpu time :     4.0 secs 
      thresh= 1.200E-10                |ddv_scf|^2 =  1.253E-10

      iter #       17 total cpu time :     4.1 secs 
      thresh= 1.200E-10                |ddv_scf|^2 =  3.191E-11

     End of self-consistent calculation

     Convergence has been achieved 


     Representation #   2 modes #   4   5   6

     Self-consistent Calculation

      iter #        1 total cpu time :     4.2 secs 
      thresh= 1.200E-10                |ddv_scf|^2 =  0.000E+00

      iter #        2 total cpu time :     4.3 secs 
      thresh= 1.200E-10                |ddv_scf|^2 =  9.513E-02

      iter #        3 total cpu time :     4.4 secs 
      thresh= 1.200E-10                |ddv_scf|^2 =  1.146E-02

      iter #        4 total cpu time :     4.5 secs 
      thresh= 1.200E-10                |ddv_scf|^2 =  3.256E-03

      iter #        5 total cpu time :     4.5 secs 
      thresh= 1.200E-10                |ddv_scf|^2 =  7.027E-04

      iter #        6 total cpu time :     4.6 secs 
      thresh= 1.200E-10                |ddv_scf|^2 =  2.225E-04

      iter #        7 total cpu time :     4.7 secs 
      thresh= 1.200E-10                |ddv_scf|^2 =  6.099E-05

      iter #        8 total cpu time :     4.8 secs 
      thresh= 1.200E-10                |ddv_scf|^2 =  1.306E-05

      iter #        9 total cpu time :     4.9 secs 
      thresh= 1.200E-10                |ddv_scf|^2 =  4.710E-06

      iter #       10 total cpu time :     4.9 secs 
      thresh= 1.200E-10                |ddv_scf|^2 =  1.085E-06

      iter #       11 total cpu time :     5.0 secs 
      thresh= 1.200E-10                |ddv_scf|^2 =  3.209E-07

      iter #       12 total cpu time :     5.1 secs 
      thresh= 1.200E-10                |ddv_scf|^2 =  9.885E-08

      iter #       13 total cpu time :     5.2 secs 
      thresh= 1.200E-10                |ddv_scf|^2 =  2.694E-08

      iter #       14 total cpu time :     5.3 secs 
      thresh= 1.200E-10                |ddv_scf|^2 =  6.117E-09

      iter #       15 total cpu time :     5.3 secs 
      thresh= 1.200E-10                |ddv_scf|^2 =  1.641E-09

      iter #       16 total cpu time :     5.4 secs 
      thresh= 1.200E-10                |ddv_scf|^2 =  3.898E-10

      iter #       17 total cpu time :     5.5 secs 
      thresh= 1.200E-10                |ddv_scf|^2 =  1.045E-10

     End of self-consistent calculation

     Convergence has been achieved 
 
     Number of q in the star =    1
     List of q in the star:
          1   0.000000000   0.000000000   0.000000000

          Dielectric constant in cartesian axis 

          (      13.829152133      -0.000000000      -0.000000000 )
          (      -0.000000000      13.829152133      -0.000000000 )
          (      -0.000000000       0.000000000      13.829152133 )

          Effective charges (d Force / dE) in cartesian axis without acoustic sum rule applied (asr)

           atom    1  Si    Mean Z*:       -0.07625
      Ex  (       -0.07625        0.00000        0.00000 )
      Ey  (        0.00000       -0.07625       -0.00000 )
      Ez  (        0.00000       -0.00000       -0.07625 )
           atom    2  Si    Mean Z*:       -0.07625
      Ex  (       -0.07625       -0.00000        0.00000 )
      Ey  (        0.00000       -0.07625       -0.00000 )
      Ez  (        0.00000       -0.00000       -0.07625 )

          Effective charges Sum: Mean:       -0.15249
             -0.15249        0.00000        0.00000
              0.00000       -0.15249       -0.00000
              0.00000       -0.00000       -0.15249

          Effective charges (d Force / dE) in cartesian axis with asr applied: 
           atom    1  Si    Mean Z*:        0.00000
      E*x (        0.00000        0.00000       -0.00000 )
      E*y (        0.00000        0.00000       -0.00000 )
      E*z (       -0.00000       -0.00000        0.00000 )
           atom    2  Si    Mean Z*:       -0.00000
      E*x (       -0.00000       -0.00000        0.00000 )
      E*y (       -0.00000       -0.00000        0.00000 )
      E*z (        0.00000        0.00000        0.00000 )

          Effective charges (d P / du) in cartesian axis 

           atom      1Si    
      Px  (       -0.07625        0.00000        0.00000 )
      Py  (        0.00000       -0.07625        0.00000 )
      Pz  (        0.00000       -0.00000       -0.07625 )
           atom      2Si    
      Px  (       -0.07625        0.00000        0.00000 )
      Py  (        0.00000       -0.07625       -0.00000 )
      Pz  (        0.00000       -0.00000       -0.07625 )

     Diagonalizing the dynamical matrix

     q = (    0.000000000   0.000000000   0.000000000 ) 

 **************************************************************************
     freq (    1) =       0.086309 [THz] =       2.878966 [cm-1]
     freq (    2) =       0.086309 [THz] =       2.878966 [cm-1]
     freq (    3) =       0.086309 [THz] =       2.878966 [cm-1]
     freq (    4) =      15.267693 [THz] =     509.275424 [cm-1]
     freq (    5) =      15.267693 [THz] =     509.275424 [cm-1]
     freq (    6) =      15.267693 [THz] =     509.275424 [cm-1]
 **************************************************************************

     Using the point group O_h (m-3m)  to classify the modes
     there are 10 classes
     the character table:

       E     8C3   3C2   6C4   6C2'  i     8S6   3s_h  6S4   6s_d 
A_1g   1.00  1.00  1.00  1.00  1.00  1.00  1.00  1.00  1.00  1.00
A_2g   1.00  1.00  1.00 -1.00 -1.00  1.00  1.00  1.00 -1.00 -1.00
E_g    2.00 -1.00  2.00  0.00  0.00  2.00 -1.00  2.00  0.00  0.00
T_1g   3.00  0.00 -1.00  1.00 -1.00  3.00  0.00 -1.00  1.00 -1.00
T_2g   3.00  0.00 -1.00 -1.00  1.00  3.00  0.00 -1.00 -1.00  1.00
A_1u   1.00  1.00  1.00  1.00  1.00 -1.00 -1.00 -1.00 -1.00 -1.00
A_2u   1.00  1.00  1.00 -1.00 -1.00 -1.00 -1.00 -1.00  1.00  1.00
E_u    2.00 -1.00  2.00  0.00  0.00 -2.00  1.00 -2.00  0.00  0.00
T_1u   3.00  0.00 -1.00  1.00 -1.00 -3.00  0.00  1.00 -1.00  1.00
T_2u   3.00  0.00 -1.00 -1.00  1.00 -3.00  0.00  1.00  1.00 -1.00

     the symmetry operations in each class and the name of the first element:

     E        1
          identity                                               
     8C3     17   21   18   19   36   20   24   23
          120 deg rotation - cart. axis [-1,-1,-1]               
     3C2      5    6   14
          180 deg rotation - cart. axis [1,0,0]                  
     6C4     15   16   46   44   25   29
           90 deg rotation - cart. axis [0,1,0]                  
     6C2'     2   11   37   28   26   22
          180 deg rotation - cart. axis [-1,0,1]                 
     i        3
          inversion                                              
     8S6     34   35   43   42   41   45   47   48
          inv. 120 deg rotation - cart. axis [1,-1,1]            
     3s_h     7    9    8
          inv. 180 deg rotation - cart. axis [0,0,1]             
     6S4     12   13   40   39   31   32
          inv.  90 deg rotation - cart. axis [0,1,0]             
     6s_d     4   10   38   33   27   30
          inv. 180 deg rotation - cart. axis [-1,0,1]            

     Mode symmetry, O_h (m-3m)  point group:

     freq (   1-   3) =          2.9  [cm-1]   --> T_1u G_15  G_4- I  
     freq (   4-   6) =        509.3  [cm-1]   --> T_2g G_25' G_5+ R  

The Born effective charges associated to eigenvectors

      mode #     1 charge (       -0.00039        0.00035       -0.00042)
      mode #     2 charge (        0.00030       -0.00029       -0.00053)
      mode #     3 charge (       -0.00046       -0.00049        0.00001)
      mode #     4 charge (       -0.00000        0.00000       -0.00000)
      mode #     5 charge (       -0.00000        0.00000       -0.00000)
      mode #     6 charge (       -0.00000       -0.00000       -0.00000)

                          --------------------------
     Calculation of q =    0.5000000  -0.5000000   0.5000000
                          --------------------------

 
     Parallelization info
     --------------------
     sticks:   dense  smooth     PW     G-vecs:    dense   smooth      PW
     Min          58      58     22                  712      712     172
     Max          59      59     24                  714      714     173
     Sum         349     349    139                 4279     4279    1037
 
     Using Slab Decomposition
 


     bravais-lattice index     =            2
     lattice parameter (alat)  =      10.2000  a.u.
     unit-cell volume          =     265.3020 (a.u.)^3
     number of atoms/cell      =            2
     number of atomic types    =            1
     number of electrons       =         8.00
     number of Kohn-Sham states=            4
     kinetic-energy cutoff     =      24.0000  Ry
     charge density cutoff     =      96.0000  Ry
     Exchange-correlation= PZ
                           (   1   1   0   0   0   0   0)

     celldm(1)=  10.200000  celldm(2)=   0.000000  celldm(3)=   0.000000
     celldm(4)=   0.000000  celldm(5)=   0.000000  celldm(6)=   0.000000

     crystal axes: (cart. coord. in units of alat)
               a(1) = (  -0.500000   0.000000   0.500000 )  
               a(2) = (   0.000000   0.500000   0.500000 )  
               a(3) = (  -0.500000   0.500000   0.000000 )  

     reciprocal axes: (cart. coord. in units 2 pi/alat)
               b(1) = ( -1.000000 -1.000000  1.000000 )  
               b(2) = (  1.000000  1.000000  1.000000 )  
               b(3) = ( -1.000000  1.000000 -1.000000 )  


     PseudoPot. # 1 for Si read from file:
     /scratch/RUNNING_QE/q-e-qe-7.6/pseudo/Si.pz-vbc.UPF
     MD5 check sum: 9f25e6ff280f3123e9b3a84715b2e9c9
     Pseudo is Norm-conserving, Zval =  4.0
     Generated by new atomic code, or converted to UPF format
     Using radial grid of  431 points,  2 beta functions with: 
                l(1) =   0
                l(2) =   1

     atomic species   valence    mass     pseudopotential
     Si                4.00    28.08600     Si( 1.00)

     48 Sym. Ops., with inversion, found (24 have fractional translation)



   Cartesian axes

     site n.     atom                  positions (alat units)
         1        Si     tau(   1) = (   0.0000000   0.0000000   0.0000000  )
         2        Si     tau(   2) = (   0.2500000   0.2500000   0.2500000  )

     number of k points=    60
                       cart. coord. in units 2pi/alat
        k(    1) = (  -0.1250000   0.1250000   0.1250000), wk =   0.0468750
        k(    2) = (   0.3750000  -0.3750000   0.6250000), wk =   0.0000000
        k(    3) = (  -0.3750000   0.3750000  -0.1250000), wk =   0.0468750
        k(    4) = (   0.1250000  -0.1250000   0.3750000), wk =   0.0000000
        k(    5) = (   0.3750000  -0.3750000   0.6250000), wk =   0.0468750
        k(    6) = (   0.8750000  -0.8750000   1.1250000), wk =   0.0000000
        k(    7) = (   0.1250000  -0.1250000   0.3750000), wk =   0.0468750
        k(    8) = (   0.6250000  -0.6250000   0.8750000), wk =   0.0000000
        k(    9) = (  -0.1250000   0.6250000   0.1250000), wk =   0.0937500
        k(   10) = (   0.3750000   0.1250000   0.6250000), wk =   0.0000000
        k(   11) = (   0.6250000  -0.1250000   0.8750000), wk =   0.0937500
        k(   12) = (   1.1250000  -0.6250000   1.3750000), wk =   0.0000000
        k(   13) = (   0.3750000   0.1250000   0.6250000), wk =   0.0937500
        k(   14) = (   0.8750000  -0.3750000   1.1250000), wk =   0.0000000
        k(   15) = (  -0.1250000  -0.8750000   0.1250000), wk =   0.0937500
        k(   16) = (   0.3750000  -1.3750000   0.6250000), wk =   0.0000000
        k(   17) = (  -0.3750000   0.3750000   0.3750000), wk =   0.0468750
        k(   18) = (   0.1250000  -0.1250000   0.8750000), wk =   0.0000000
        k(   19) = (   0.3750000  -0.3750000   1.1250000), wk =   0.0468750
        k(   20) = (   0.8750000  -0.8750000   1.6250000), wk =   0.0000000
        k(   21) = (   0.1250000  -0.1250000   0.1250000), wk =   0.0156250
        k(   22) = (   0.6250000  -0.6250000   0.6250000), wk =   0.0000000
        k(   23) = (  -0.1250000  -0.3750000   0.3750000), wk =   0.0468750
        k(   24) = (   0.3750000  -0.8750000   0.8750000), wk =   0.0000000
        k(   25) = (   0.3750000   0.3750000   0.1250000), wk =   0.0937500
        k(   26) = (   0.8750000  -0.1250000   0.6250000), wk =   0.0000000
        k(   27) = (   0.6250000   0.3750000  -0.3750000), wk =   0.0468750
        k(   28) = (   1.1250000  -0.1250000   0.1250000), wk =   0.0000000
        k(   29) = (  -0.3750000  -0.3750000  -0.6250000), wk =   0.0937500
        k(   30) = (   0.1250000  -0.8750000  -0.1250000), wk =   0.0000000
        k(   31) = (   0.3750000   0.1250000  -0.1250000), wk =   0.0468750
        k(   32) = (   0.8750000  -0.3750000   0.3750000), wk =   0.0000000
        k(   33) = (  -0.1250000  -0.1250000  -0.3750000), wk =   0.0937500
        k(   34) = (   0.3750000  -0.6250000   0.1250000), wk =   0.0000000
        k(   35) = (   0.1250000  -0.6250000   0.1250000), wk =   0.0468750
        k(   36) = (   0.6250000  -1.1250000   0.6250000), wk =   0.0000000
        k(   37) = (   0.1250000   0.6250000   0.1250000), wk =   0.0468750
        k(   38) = (   0.6250000   0.1250000   0.6250000), wk =   0.0000000
        k(   39) = (   0.8750000   0.1250000  -0.6250000), wk =   0.0937500
        k(   40) = (   1.3750000  -0.3750000  -0.1250000), wk =   0.0000000
        k(   41) = (  -0.6250000  -0.1250000  -0.8750000), wk =   0.0937500
        k(   42) = (  -0.1250000  -0.6250000  -0.3750000), wk =   0.0000000
        k(   43) = (   0.8750000  -0.1250000  -0.6250000), wk =   0.0937500
        k(   44) = (   1.3750000  -0.6250000  -0.1250000), wk =   0.0000000
        k(   45) = (   0.6250000  -0.1250000  -0.3750000), wk =   0.0937500
        k(   46) = (   1.1250000  -0.6250000   0.1250000), wk =   0.0000000
        k(   47) = (  -0.3750000   0.1250000  -0.6250000), wk =   0.0937500
        k(   48) = (   0.1250000  -0.3750000  -0.1250000), wk =   0.0000000
        k(   49) = (   0.6250000   0.1250000  -0.3750000), wk =   0.0937500
        k(   50) = (   1.1250000  -0.3750000   0.1250000), wk =   0.0000000
        k(   51) = (   0.1250000   0.8750000   0.1250000), wk =   0.0468750
        k(   52) = (   0.6250000   0.3750000   0.6250000), wk =   0.0000000
        k(   53) = (   0.1250000  -0.8750000   0.1250000), wk =   0.0468750
        k(   54) = (   0.6250000  -1.3750000   0.6250000), wk =   0.0000000
        k(   55) = (   0.3750000  -0.3750000   0.3750000), wk =   0.0156250
        k(   56) = (   0.8750000  -0.8750000   0.8750000), wk =   0.0000000
        k(   57) = (   1.1250000   0.3750000  -0.3750000), wk =   0.0468750
        k(   58) = (   1.6250000  -0.1250000   0.1250000), wk =   0.0000000
        k(   59) = (  -0.3750000  -0.3750000  -1.1250000), wk =   0.0937500
        k(   60) = (   0.1250000  -0.8750000  -0.6250000), wk =   0.0000000

     Dense  grid:     4279 G-vectors     FFT dimensions: (  24,  24,  24)

     Estimated max dynamical RAM per process >       0.39 MB

     Estimated total dynamical RAM >       4.74 MB

     The potential is recalculated from file :
     /scratch/RUNNING_QE/q-e-qe-7.6/tempdir//g1/_ph0/silicon.save/charge-density

     Starting wfcs are    8 atomic wfcs

     Band Structure Calculation
     Davidson diagonalization with overlap

     ethr =  1.25E-10,  avg # of iterations = 11.9

     Total points   60
     Diagonalized points   60   Symmetrized points    0

     total cpu time spent up to now is        1.0 secs

     End of band structure calculation

          k =-0.1250 0.1250 0.1250 (   534 PWs)   bands (ev):

    -5.6138   4.6327   5.9404   5.9404

          k = 0.3750-0.3750 0.6250 (   530 PWs)   bands (ev):

    -3.3458  -0.5903   3.9247   4.6467

          k =-0.3750 0.3750-0.1250 (   526 PWs)   bands (ev):

    -4.5483   1.5828   3.8822   5.4511

          k = 0.1250-0.1250 0.3750 (   531 PWs)   bands (ev):

    -5.0672   3.0066   4.8907   4.9782

          k = 0.3750-0.3750 0.6250 (   530 PWs)   bands (ev):

    -3.3458  -0.5903   3.9247   4.6467

          k = 0.8750-0.8750 1.1250 (   534 PWs)   bands (ev):

    -5.6138   4.6327   5.9404   5.9404

          k = 0.1250-0.1250 0.3750 (   531 PWs)   bands (ev):

    -5.0672   3.0066   4.8907   4.9782

          k = 0.6250-0.6250 0.8750 (   526 PWs)   bands (ev):

    -4.5483   1.5828   3.8822   5.4511

          k =-0.1250 0.6250 0.1250 (   528 PWs)   bands (ev):

    -3.9985   1.2999   3.5091   3.9849

          k = 0.3750 0.1250 0.6250 (   526 PWs)   bands (ev):

    -3.5604   0.3663   2.8491   4.2661

          k = 0.6250-0.1250 0.8750 (   522 PWs)   bands (ev):

    -2.2825  -0.7123   2.0738   3.2050

          k = 1.1250-0.6250 1.3750 (   526 PWs)   bands (ev):

    -4.5483   1.5828   3.8822   5.4511

          k = 0.3750 0.1250 0.6250 (   526 PWs)   bands (ev):

    -3.5604   0.3663   2.8491   4.2661

          k = 0.8750-0.3750 1.1250 (   528 PWs)   bands (ev):

    -3.9985   1.2999   3.5091   3.9849

          k =-0.1250-0.8750 0.1250 (   521 PWs)   bands (ev):

    -2.4719  -0.6036   2.7180   3.5015

          k = 0.3750-1.3750 0.6250 (   530 PWs)   bands (ev):

    -3.3458  -0.5903   3.9247   4.6467

          k =-0.3750 0.3750 0.3750 (   528 PWs)   bands (ev):

    -4.0927   0.2251   5.1322   5.1322

          k = 0.1250-0.1250 0.8750 (   521 PWs)   bands (ev):

    -2.4719  -0.6036   2.7180   3.5015

          k = 0.3750-0.3750 1.1250 (   526 PWs)   bands (ev):

    -2.8345  -0.4465   2.1552   4.3149

          k = 0.8750-0.8750 1.6250 (   528 PWs)   bands (ev):

    -3.9985   1.2999   3.5091   3.9849

          k = 0.1250-0.1250 0.1250 (   534 PWs)   bands (ev):

    -5.6138   4.6327   5.9404   5.9404

          k = 0.6250-0.6250 0.6250 (   528 PWs)   bands (ev):

    -4.0927   0.2251   5.1322   5.1322

          k =-0.1250-0.3750 0.3750 (   526 PWs)   bands (ev):

    -4.5483   1.5828   3.8822   5.4511

          k = 0.3750-0.8750 0.8750 (   528 PWs)   bands (ev):

    -3.9985   1.2999   3.5091   3.9849

          k = 0.3750 0.3750 0.1250 (   526 PWs)   bands (ev):

    -4.5483   1.5828   3.8822   5.4511

          k = 0.8750-0.1250 0.6250 (   522 PWs)   bands (ev):

    -2.2825  -0.7123   2.0738   3.2050

          k = 0.6250 0.3750-0.3750 (   530 PWs)   bands (ev):

    -3.3458  -0.5903   3.9247   4.6467

          k = 1.1250-0.1250 0.1250 (   521 PWs)   bands (ev):

    -2.4719  -0.6036   2.7180   3.5015

          k =-0.3750-0.3750-0.6250 (   530 PWs)   bands (ev):

    -3.3458  -0.5903   3.9247   4.6467

          k = 0.1250-0.8750-0.1250 (   521 PWs)   bands (ev):

    -2.4719  -0.6036   2.7180   3.5015

          k = 0.3750 0.1250-0.1250 (   531 PWs)   bands (ev):

    -5.0672   3.0066   4.8907   4.9782

          k = 0.8750-0.3750 0.3750 (   526 PWs)   bands (ev):

    -2.8345  -0.4465   2.1552   4.3149

          k =-0.1250-0.1250-0.3750 (   531 PWs)   bands (ev):

    -5.0672   3.0066   4.8907   4.9782

          k = 0.3750-0.6250 0.1250 (   526 PWs)   bands (ev):

    -3.5604   0.3663   2.8491   4.2661

          k = 0.1250-0.6250 0.1250 (   528 PWs)   bands (ev):

    -3.9985   1.2999   3.5091   3.9849

          k = 0.6250-1.1250 0.6250 (   526 PWs)   bands (ev):

    -4.5483   1.5828   3.8822   5.4511

          k = 0.1250 0.6250 0.1250 (   528 PWs)   bands (ev):

    -3.9985   1.2999   3.5091   3.9849

          k = 0.6250 0.1250 0.6250 (   526 PWs)   bands (ev):

    -2.8345  -0.4465   2.1552   4.3149

          k = 0.8750 0.1250-0.6250 (   522 PWs)   bands (ev):

    -2.2825  -0.7123   2.0738   3.2050

          k = 1.3750-0.3750-0.1250 (   526 PWs)   bands (ev):

    -3.5604   0.3663   2.8491   4.2661

          k =-0.6250-0.1250-0.8750 (   522 PWs)   bands (ev):

    -2.2825  -0.7123   2.0738   3.2050

          k =-0.1250-0.6250-0.3750 (   526 PWs)   bands (ev):

    -3.5604   0.3663   2.8491   4.2661

          k = 0.8750-0.1250-0.6250 (   522 PWs)   bands (ev):

    -2.2825  -0.7123   2.0738   3.2050

          k = 1.3750-0.6250-0.1250 (   526 PWs)   bands (ev):

    -2.8345  -0.4465   2.1552   4.3149

          k = 0.6250-0.1250-0.3750 (   526 PWs)   bands (ev):

    -3.5604   0.3663   2.8491   4.2661

          k = 1.1250-0.6250 0.1250 (   522 PWs)   bands (ev):

    -2.2825  -0.7123   2.0738   3.2050

          k =-0.3750 0.1250-0.6250 (   526 PWs)   bands (ev):

    -3.5604   0.3663   2.8491   4.2661

          k = 0.1250-0.3750-0.1250 (   531 PWs)   bands (ev):

    -5.0672   3.0066   4.8907   4.9782

          k = 0.6250 0.1250-0.3750 (   526 PWs)   bands (ev):

    -3.5604   0.3663   2.8491   4.2661

          k = 1.1250-0.3750 0.1250 (   522 PWs)   bands (ev):

    -2.2825  -0.7123   2.0738   3.2050

          k = 0.1250 0.8750 0.1250 (   521 PWs)   bands (ev):

    -2.4719  -0.6036   2.7180   3.5015

          k = 0.6250 0.3750 0.6250 (   530 PWs)   bands (ev):

    -3.3458  -0.5903   3.9247   4.6467

          k = 0.1250-0.8750 0.1250 (   521 PWs)   bands (ev):

    -2.4719  -0.6036   2.7180   3.5015

          k = 0.6250-1.3750 0.6250 (   528 PWs)   bands (ev):

    -4.0927   0.2251   5.1322   5.1322

          k = 0.3750-0.3750 0.3750 (   528 PWs)   bands (ev):

    -4.0927   0.2251   5.1322   5.1322

          k = 0.8750-0.8750 0.8750 (   534 PWs)   bands (ev):

    -5.6138   4.6327   5.9404   5.9404

          k = 1.1250 0.3750-0.3750 (   526 PWs)   bands (ev):

    -2.8345  -0.4465   2.1552   4.3149

          k = 1.6250-0.1250 0.1250 (   531 PWs)   bands (ev):

    -5.0672   3.0066   4.8907   4.9782

          k =-0.3750-0.3750-1.1250 (   526 PWs)   bands (ev):

    -2.8345  -0.4465   2.1552   4.3149

          k = 0.1250-0.8750-0.6250 (   522 PWs)   bands (ev):

    -2.2825  -0.7123   2.0738   3.2050

     highest occupied level (ev):     5.9404

     Writing config to output data dir /scratch/RUNNING_QE/q-e-qe-7.6/tempdir//g1/_ph0/silicon.save/ :
     XML data file

                                                                                

     bravais-lattice index     =            2
     lattice parameter (alat)  =      10.2000  a.u.
     unit-cell volume          =     265.3020 (a.u.)^3
     number of atoms/cell      =            2
     number of atomic types    =            1
     kinetic-energy cut-off    =      24.0000  Ry
     charge density cut-off    =      96.0000  Ry
     convergence threshold     =      1.0E-12
     beta                      =       0.7000
     number of iterations used =            4
     Exchange-correlation= PZ
                           (   1   1   0   0   0   0   0)


     celldm(1)=   10.20000  celldm(2)=    0.00000  celldm(3)=    0.00000
     celldm(4)=    0.00000  celldm(5)=    0.00000  celldm(6)=    0.00000

     crystal axes: (cart. coord. in units of alat)
               a(1) = ( -0.5000  0.0000  0.5000 )  
               a(2) = (  0.0000  0.5000  0.5000 )  
               a(3) = ( -0.5000  0.5000  0.0000 )  

     reciprocal axes: (cart. coord. in units 2 pi/alat)
               b(1) = ( -1.0000 -1.0000  1.0000 )  
               b(2) = (  1.0000  1.0000  1.0000 )  
               b(3) = ( -1.0000  1.0000 -1.0000 )  


     Atoms inside the unit cell: 

     Cartesian axes

     site n.  atom      mass           positions (alat units)
        1  Si     28.0860   tau(    1) = (    0.00000    0.00000    0.00000  )
        2  Si     28.0860   tau(    2) = (    0.25000    0.25000    0.25000  )

     Computing dynamical matrix for 
                    q = (   0.5000000  -0.5000000   0.5000000 )
 
     13 Sym.Ops. (with q -> -q+G )


     G cutoff =  252.9949  (    713 G-vectors)     FFT grid: ( 24, 24, 24)
     number of k points=    60

     PseudoPot. # 1 for Si read from file:
     /scratch/RUNNING_QE/q-e-qe-7.6/pseudo/Si.pz-vbc.UPF
     MD5 check sum: 9f25e6ff280f3123e9b3a84715b2e9c9
     Pseudo is Norm-conserving, Zval =  4.0
     Generated by new atomic code, or converted to UPF format
     Using radial grid of  431 points,  2 beta functions with: 
                l(1) =   0
                l(2) =   1

     Mode symmetry, O_h (m-3m)  point group:


     Atomic displacements:
     There are   4 irreducible representations

     Representation     1      1 modes -  To be done

     Representation     2      2 modes -  To be done

     Representation     3      1 modes -  To be done

     Representation     4      2 modes -  To be done


     Message from routine init_vloc:
     Interpolation table for Vloc re-allocated

     Alpha used in Ewald sum =   1.0000
     PHONON       :      5.79s CPU      6.12s WALL (       2 calls)


     Representation #   1 mode #   1

     Self-consistent Calculation

      iter #        1 total cpu time :     6.2 secs 
      thresh= 2.400E-10                |ddv_scf|^2 =  0.000E+00

      iter #        2 total cpu time :     6.2 secs 
      thresh= 2.400E-10                |ddv_scf|^2 =  5.978E-02

      iter #        3 total cpu time :     6.3 secs 
      thresh= 2.400E-10                |ddv_scf|^2 =  3.985E-03

      iter #        4 total cpu time :     6.3 secs 
      thresh= 2.400E-10                |ddv_scf|^2 =  4.822E-04

      iter #        5 total cpu time :     6.4 secs 
      thresh= 2.400E-10                |ddv_scf|^2 =  1.374E-04

      iter #        6 total cpu time :     6.4 secs 
      thresh= 2.400E-10                |ddv_scf|^2 =  2.693E-05

      iter #        7 total cpu time :     6.5 secs 
      thresh= 2.400E-10                |ddv_scf|^2 =  1.231E-05

      iter #        8 total cpu time :     6.5 secs 
      thresh= 2.400E-10                |ddv_scf|^2 =  3.451E-06

      iter #        9 total cpu time :     6.6 secs 
      thresh= 2.400E-10                |ddv_scf|^2 =  1.046E-06

      iter #       10 total cpu time :     6.6 secs 
      thresh= 2.400E-10                |ddv_scf|^2 =  3.537E-07

      iter #       11 total cpu time :     6.7 secs 
      thresh= 2.400E-10                |ddv_scf|^2 =  1.025E-07

      iter #       12 total cpu time :     6.7 secs 
      thresh= 2.400E-10                |ddv_scf|^2 =  3.552E-08

      iter #       13 total cpu time :     6.8 secs 
      thresh= 2.400E-10                |ddv_scf|^2 =  1.009E-08

      iter #       14 total cpu time :     6.8 secs 
      thresh= 2.400E-10                |ddv_scf|^2 =  3.652E-09

      iter #       15 total cpu time :     6.9 secs 
      thresh= 2.400E-10                |ddv_scf|^2 =  1.354E-09

      iter #       16 total cpu time :     6.9 secs 
      thresh= 2.400E-10                |ddv_scf|^2 =  4.893E-10

      iter #       17 total cpu time :     7.0 secs 
      thresh= 2.400E-10                |ddv_scf|^2 =  1.664E-10

     End of self-consistent calculation

     Convergence has been achieved 


     Representation #   2 modes #   2   3

     Self-consistent Calculation

      iter #        1 total cpu time :     7.1 secs 
      thresh= 4.800E-10                |ddv_scf|^2 =  0.000E+00

      iter #        2 total cpu time :     7.2 secs 
      thresh= 4.800E-10                |ddv_scf|^2 =  8.347E-02

      iter #        3 total cpu time :     7.2 secs 
      thresh= 4.800E-10                |ddv_scf|^2 =  9.945E-03

      iter #        4 total cpu time :     7.3 secs 
      thresh= 4.800E-10                |ddv_scf|^2 =  2.538E-03

      iter #        5 total cpu time :     7.4 secs 
      thresh= 4.800E-10                |ddv_scf|^2 =  5.822E-04

      iter #        6 total cpu time :     7.4 secs 
      thresh= 4.800E-10                |ddv_scf|^2 =  1.984E-04

      iter #        7 total cpu time :     7.5 secs 
      thresh= 4.800E-10                |ddv_scf|^2 =  7.125E-05

      iter #        8 total cpu time :     7.5 secs 
      thresh= 4.800E-10                |ddv_scf|^2 =  1.868E-05

      iter #        9 total cpu time :     7.6 secs 
      thresh= 4.800E-10                |ddv_scf|^2 =  6.865E-06

      iter #       10 total cpu time :     7.6 secs 
      thresh= 4.800E-10                |ddv_scf|^2 =  1.632E-06

      iter #       11 total cpu time :     7.7 secs 
      thresh= 4.800E-10                |ddv_scf|^2 =  5.137E-07

      iter #       12 total cpu time :     7.7 secs 
      thresh= 4.800E-10                |ddv_scf|^2 =  1.530E-07

      iter #       13 total cpu time :     7.8 secs 
      thresh= 4.800E-10                |ddv_scf|^2 =  4.866E-08

      iter #       14 total cpu time :     7.8 secs 
      thresh= 4.800E-10                |ddv_scf|^2 =  1.755E-08

      iter #       15 total cpu time :     7.9 secs 
      thresh= 4.800E-10                |ddv_scf|^2 =  5.565E-09

      iter #       16 total cpu time :     8.0 secs 
      thresh= 4.800E-10                |ddv_scf|^2 =  1.885E-09

      iter #       17 total cpu time :     8.1 secs 
      thresh= 4.800E-10                |ddv_scf|^2 =  7.263E-10

      iter #       18 total cpu time :     8.1 secs 
      thresh= 4.800E-10                |ddv_scf|^2 =  2.270E-10

     End of self-consistent calculation

     Convergence has been achieved 


     Representation #   3 mode #   4

     Self-consistent Calculation

      iter #        1 total cpu time :     8.2 secs 
      thresh= 2.400E-10                |ddv_scf|^2 =  0.000E+00

      iter #        2 total cpu time :     8.2 secs 
      thresh= 2.400E-10                |ddv_scf|^2 =  1.320E-01

      iter #        3 total cpu time :     8.2 secs 
      thresh= 2.400E-10                |ddv_scf|^2 =  8.018E-03

      iter #        4 total cpu time :     8.3 secs 
      thresh= 2.400E-10                |ddv_scf|^2 =  1.110E-03

      iter #        5 total cpu time :     8.3 secs 
      thresh= 2.400E-10                |ddv_scf|^2 =  3.395E-04

      iter #        6 total cpu time :     8.3 secs 
      thresh= 2.400E-10                |ddv_scf|^2 =  8.781E-05

      iter #        7 total cpu time :     8.3 secs 
      thresh= 2.400E-10                |ddv_scf|^2 =  4.256E-05

      iter #        8 total cpu time :     8.4 secs 
      thresh= 2.400E-10                |ddv_scf|^2 =  1.124E-05

      iter #        9 total cpu time :     8.4 secs 
      thresh= 2.400E-10                |ddv_scf|^2 =  4.296E-06

      iter #       10 total cpu time :     8.4 secs 
      thresh= 2.400E-10                |ddv_scf|^2 =  1.427E-06

      iter #       11 total cpu time :     8.5 secs 
      thresh= 2.400E-10                |ddv_scf|^2 =  4.565E-07

      iter #       12 total cpu time :     8.5 secs 
      thresh= 2.400E-10                |ddv_scf|^2 =  1.535E-07

      iter #       13 total cpu time :     8.5 secs 
      thresh= 2.400E-10                |ddv_scf|^2 =  4.418E-08

      iter #       14 total cpu time :     8.5 secs 
      thresh= 2.400E-10                |ddv_scf|^2 =  1.417E-08

      iter #       15 total cpu time :     8.6 secs 
      thresh= 2.400E-10                |ddv_scf|^2 =  5.353E-09

      iter #       16 total cpu time :     8.6 secs 
      thresh= 2.400E-10                |ddv_scf|^2 =  1.642E-09

      iter #       17 total cpu time :     8.6 secs 
      thresh= 2.400E-10                |ddv_scf|^2 =  5.807E-10

      iter #       18 total cpu time :     8.7 secs 
      thresh= 2.400E-10                |ddv_scf|^2 =  3.274E-10

      iter #       19 total cpu time :     8.7 secs 
      thresh= 2.400E-10                |ddv_scf|^2 =  1.028E-10

     End of self-consistent calculation

     Convergence has been achieved 


     Representation #   4 modes #   5   6

     Self-consistent Calculation

      iter #        1 total cpu time :     8.8 secs 
      thresh= 4.800E-10                |ddv_scf|^2 =  0.000E+00

      iter #        2 total cpu time :     8.8 secs 
      thresh= 4.800E-10                |ddv_scf|^2 =  4.994E-02

      iter #        3 total cpu time :     8.9 secs 
      thresh= 4.800E-10                |ddv_scf|^2 =  7.157E-03

      iter #        4 total cpu time :     8.9 secs 
      thresh= 4.800E-10                |ddv_scf|^2 =  2.546E-03

      iter #        5 total cpu time :     9.0 secs 
      thresh= 4.800E-10                |ddv_scf|^2 =  7.419E-04

      iter #        6 total cpu time :     9.0 secs 
      thresh= 4.800E-10                |ddv_scf|^2 =  3.028E-04

      iter #        7 total cpu time :     9.1 secs 
      thresh= 4.800E-10                |ddv_scf|^2 =  9.419E-05

      iter #        8 total cpu time :     9.2 secs 
      thresh= 4.800E-10                |ddv_scf|^2 =  3.080E-05

      iter #        9 total cpu time :     9.3 secs 
      thresh= 4.800E-10                |ddv_scf|^2 =  1.267E-05

      iter #       10 total cpu time :     9.4 secs 
      thresh= 4.800E-10                |ddv_scf|^2 =  2.939E-06

      iter #       11 total cpu time :     9.4 secs 
      thresh= 4.800E-10                |ddv_scf|^2 =  9.918E-07

      iter #       12 total cpu time :     9.5 secs 
      thresh= 4.800E-10                |ddv_scf|^2 =  2.862E-07

      iter #       13 total cpu time :     9.6 secs 
      thresh= 4.800E-10                |ddv_scf|^2 =  9.314E-08

      iter #       14 total cpu time :     9.7 secs 
      thresh= 4.800E-10                |ddv_scf|^2 =  2.877E-08

      iter #       15 total cpu time :     9.8 secs 
      thresh= 4.800E-10                |ddv_scf|^2 =  9.556E-09

      iter #       16 total cpu time :     9.9 secs 
      thresh= 4.800E-10                |ddv_scf|^2 =  2.913E-09

      iter #       17 total cpu time :    10.0 secs 
      thresh= 4.800E-10                |ddv_scf|^2 =  1.005E-09

      iter #       18 total cpu time :    10.1 secs 
      thresh= 4.800E-10                |ddv_scf|^2 =  2.985E-10

     End of self-consistent calculation

     Convergence has been achieved 
 
     Number of q in the star =    4
     List of q in the star:
          1   0.500000000  -0.500000000   0.500000000
          2   0.500000000   0.500000000  -0.500000000
          3  -0.500000000  -0.500000000  -0.500000000
          4   0.500000000  -0.500000000  -0.500000000

     Diagonalizing the dynamical matrix

     q = (    0.500000000  -0.500000000   0.500000000 ) 

 **************************************************************************
     freq (    1) =       3.229157 [THz] =     107.713077 [cm-1]
     freq (    2) =       3.229157 [THz] =     107.713077 [cm-1]
     freq (    3) =      11.187538 [THz] =     373.176095 [cm-1]
     freq (    4) =      12.306690 [THz] =     410.506987 [cm-1]
     freq (    5) =      14.562173 [THz] =     485.741790 [cm-1]
     freq (    6) =      14.562173 [THz] =     485.741790 [cm-1]
 **************************************************************************

     Zone border point and nonsymmorphic operations. Using
     the irreducible reprepresentations of the point group
     number 121  D_3d (-3m)

     Mode symmetry:

     freq (  1 -  2) =        107.7  [cm-1]   --> E_u     E_1u
     freq (  3 -  3) =        373.2  [cm-1]   --> A_1g
     freq (  4 -  4) =        410.5  [cm-1]   --> A_2u
     freq (  5 -  6) =        485.7  [cm-1]   --> E_g     E_1g

The Born effective charges associated to eigenvectors

      mode #     1 charge (        0.00000        0.00000        0.00000)
      mode #     2 charge (        0.00000        0.00000        0.00000)
      mode #     3 charge (        0.00000        0.00000        0.00000)
      mode #     4 charge (        0.00000        0.00000        0.00000)
      mode #     5 charge (        0.00000        0.00000        0.00000)
      mode #     6 charge (        0.00000        0.00000        0.00000)

                          --------------------------
     Calculation of q =    0.0000000  -1.0000000   0.0000000
                          --------------------------

 
     Parallelization info
     --------------------
     sticks:   dense  smooth     PW     G-vecs:    dense   smooth      PW
     Min          58      58     21                  712      712     160
     Max          59      59     22                  715      715     163
     Sum         349     349    127                 4279     4279     965
 
     Using Slab Decomposition
 


     bravais-lattice index     =            2
     lattice parameter (alat)  =      10.2000  a.u.
     unit-cell volume          =     265.3020 (a.u.)^3
     number of atoms/cell      =            2
     number of atomic types    =            1
     number of electrons       =         8.00
     number of Kohn-Sham states=            4
     kinetic-energy cutoff     =      24.0000  Ry
     charge density cutoff     =      96.0000  Ry
     Exchange-correlation= PZ
                           (   1   1   0   0   0   0   0)

     celldm(1)=  10.200000  celldm(2)=   0.000000  celldm(3)=   0.000000
     celldm(4)=   0.000000  celldm(5)=   0.000000  celldm(6)=   0.000000

     crystal axes: (cart. coord. in units of alat)
               a(1) = (  -0.500000   0.000000   0.500000 )  
               a(2) = (   0.000000   0.500000   0.500000 )  
               a(3) = (  -0.500000   0.500000   0.000000 )  

     reciprocal axes: (cart. coord. in units 2 pi/alat)
               b(1) = ( -1.000000 -1.000000  1.000000 )  
               b(2) = (  1.000000  1.000000  1.000000 )  
               b(3) = ( -1.000000  1.000000 -1.000000 )  


     PseudoPot. # 1 for Si read from file:
     /scratch/RUNNING_QE/q-e-qe-7.6/pseudo/Si.pz-vbc.UPF
     MD5 check sum: 9f25e6ff280f3123e9b3a84715b2e9c9
     Pseudo is Norm-conserving, Zval =  4.0
     Generated by new atomic code, or converted to UPF format
     Using radial grid of  431 points,  2 beta functions with: 
                l(1) =   0
                l(2) =   1

     atomic species   valence    mass     pseudopotential
     Si                4.00    28.08600     Si( 1.00)

     48 Sym. Ops., with inversion, found (24 have fractional translation)



   Cartesian axes

     site n.     atom                  positions (alat units)
         1        Si     tau(   1) = (   0.0000000   0.0000000   0.0000000  )
         2        Si     tau(   2) = (   0.2500000   0.2500000   0.2500000  )

     number of k points=    40
                       cart. coord. in units 2pi/alat
        k(    1) = (  -0.1250000   0.1250000   0.1250000), wk =   0.0625000
        k(    2) = (  -0.1250000  -0.8750000   0.1250000), wk =   0.0000000
        k(    3) = (  -0.3750000   0.3750000  -0.1250000), wk =   0.1250000
        k(    4) = (  -0.3750000  -0.6250000  -0.1250000), wk =   0.0000000
        k(    5) = (   0.3750000  -0.3750000   0.6250000), wk =   0.1250000
        k(    6) = (   0.3750000  -1.3750000   0.6250000), wk =   0.0000000
        k(    7) = (   0.1250000  -0.1250000   0.3750000), wk =   0.1250000
        k(    8) = (   0.1250000  -1.1250000   0.3750000), wk =   0.0000000
        k(    9) = (  -0.1250000   0.6250000   0.1250000), wk =   0.0625000
        k(   10) = (  -0.1250000  -0.3750000   0.1250000), wk =   0.0000000
        k(   11) = (   0.6250000  -0.1250000   0.8750000), wk =   0.1250000
        k(   12) = (   0.6250000  -1.1250000   0.8750000), wk =   0.0000000
        k(   13) = (   0.3750000   0.1250000   0.6250000), wk =   0.1250000
        k(   14) = (   0.3750000  -0.8750000   0.6250000), wk =   0.0000000
        k(   15) = (  -0.1250000  -0.8750000   0.1250000), wk =   0.0625000
        k(   16) = (  -0.1250000  -1.8750000   0.1250000), wk =   0.0000000
        k(   17) = (  -0.3750000   0.3750000   0.3750000), wk =   0.0625000
        k(   18) = (  -0.3750000  -0.6250000   0.3750000), wk =   0.0000000
        k(   19) = (   0.3750000  -0.3750000   1.1250000), wk =   0.1250000
        k(   20) = (   0.3750000  -1.3750000   1.1250000), wk =   0.0000000
        k(   21) = (   0.3750000  -0.1250000  -0.3750000), wk =   0.0625000
        k(   22) = (   0.3750000  -1.1250000  -0.3750000), wk =   0.0000000
        k(   23) = (  -0.3750000   0.6250000   0.3750000), wk =   0.0625000
        k(   24) = (  -0.3750000  -0.3750000   0.3750000), wk =   0.0000000
        k(   25) = (  -0.1250000   0.3750000   0.1250000), wk =   0.0625000
        k(   26) = (  -0.1250000  -0.6250000   0.1250000), wk =   0.0000000
        k(   27) = (   0.6250000   0.1250000  -0.1250000), wk =   0.1250000
        k(   28) = (   0.6250000  -0.8750000  -0.1250000), wk =   0.0000000
        k(   29) = (  -0.1250000   0.8750000   0.6250000), wk =   0.1250000
        k(   30) = (  -0.1250000  -0.1250000   0.6250000), wk =   0.0000000
        k(   31) = (   0.8750000   0.6250000  -0.1250000), wk =   0.1250000
        k(   32) = (   0.8750000  -0.3750000  -0.1250000), wk =   0.0000000
        k(   33) = (   0.1250000   0.6250000   0.3750000), wk =   0.1250000
        k(   34) = (   0.1250000  -0.3750000   0.3750000), wk =   0.0000000
        k(   35) = (   0.6250000   0.3750000   0.1250000), wk =   0.1250000
        k(   36) = (   0.6250000  -0.6250000   0.1250000), wk =   0.0000000
        k(   37) = (  -0.8750000   0.1250000  -0.1250000), wk =   0.1250000
        k(   38) = (  -0.8750000  -0.8750000  -0.1250000), wk =   0.0000000
        k(   39) = (  -0.3750000   1.1250000   0.3750000), wk =   0.0625000
        k(   40) = (  -0.3750000   0.1250000   0.3750000), wk =   0.0000000

     Dense  grid:     4279 G-vectors     FFT dimensions: (  24,  24,  24)

     Estimated max dynamical RAM per process >       0.40 MB

     Estimated total dynamical RAM >       4.75 MB

     The potential is recalculated from file :
     /scratch/RUNNING_QE/q-e-qe-7.6/tempdir//g1/_ph0/silicon.save/charge-density

     Starting wfcs are    8 atomic wfcs

     Band Structure Calculation
     Davidson diagonalization with overlap

     ethr =  1.25E-10,  avg # of iterations = 11.9

     Total points   40
     Diagonalized points   40   Symmetrized points    0

     total cpu time spent up to now is        1.4 secs

     End of band structure calculation

          k =-0.1250 0.1250 0.1250 (   534 PWs)   bands (ev):

    -5.6138   4.6327   5.9404   5.9404

          k =-0.1250-0.8750 0.1250 (   521 PWs)   bands (ev):

    -2.4719  -0.6036   2.7180   3.5015

          k =-0.3750 0.3750-0.1250 (   526 PWs)   bands (ev):

    -4.5483   1.5828   3.8822   5.4511

          k =-0.3750-0.6250-0.1250 (   526 PWs)   bands (ev):

    -3.5604   0.3663   2.8491   4.2661

          k = 0.3750-0.3750 0.6250 (   530 PWs)   bands (ev):

    -3.3458  -0.5903   3.9247   4.6467

          k = 0.3750-1.3750 0.6250 (   530 PWs)   bands (ev):

    -3.3458  -0.5903   3.9247   4.6467

          k = 0.1250-0.1250 0.3750 (   531 PWs)   bands (ev):

    -5.0672   3.0066   4.8907   4.9782

          k = 0.1250-1.1250 0.3750 (   522 PWs)   bands (ev):

    -2.2825  -0.7123   2.0738   3.2050

          k =-0.1250 0.6250 0.1250 (   528 PWs)   bands (ev):

    -3.9985   1.2999   3.5091   3.9849

          k =-0.1250-0.3750 0.1250 (   531 PWs)   bands (ev):

    -5.0672   3.0066   4.8907   4.9782

          k = 0.6250-0.1250 0.8750 (   522 PWs)   bands (ev):

    -2.2825  -0.7123   2.0738   3.2050

          k = 0.6250-1.1250 0.8750 (   531 PWs)   bands (ev):

    -5.0672   3.0066   4.8907   4.9782

          k = 0.3750 0.1250 0.6250 (   526 PWs)   bands (ev):

    -3.5604   0.3663   2.8491   4.2661

          k = 0.3750-0.8750 0.6250 (   526 PWs)   bands (ev):

    -3.5604   0.3663   2.8491   4.2661

          k =-0.1250-0.8750 0.1250 (   521 PWs)   bands (ev):

    -2.4719  -0.6036   2.7180   3.5015

          k =-0.1250-1.8750 0.1250 (   534 PWs)   bands (ev):

    -5.6138   4.6327   5.9404   5.9404

          k =-0.3750 0.3750 0.3750 (   528 PWs)   bands (ev):

    -4.0927   0.2251   5.1322   5.1322

          k =-0.3750-0.6250 0.3750 (   530 PWs)   bands (ev):

    -3.3458  -0.5903   3.9247   4.6467

          k = 0.3750-0.3750 1.1250 (   526 PWs)   bands (ev):

    -2.8345  -0.4465   2.1552   4.3149

          k = 0.3750-1.3750 1.1250 (   526 PWs)   bands (ev):

    -3.5604   0.3663   2.8491   4.2661

          k = 0.3750-0.1250-0.3750 (   526 PWs)   bands (ev):

    -4.5483   1.5828   3.8822   5.4511

          k = 0.3750-1.1250-0.3750 (   526 PWs)   bands (ev):

    -2.8345  -0.4465   2.1552   4.3149

          k =-0.3750 0.6250 0.3750 (   530 PWs)   bands (ev):

    -3.3458  -0.5903   3.9247   4.6467

          k =-0.3750-0.3750 0.3750 (   528 PWs)   bands (ev):

    -4.0927   0.2251   5.1322   5.1322

          k =-0.1250 0.3750 0.1250 (   531 PWs)   bands (ev):

    -5.0672   3.0066   4.8907   4.9782

          k =-0.1250-0.6250 0.1250 (   528 PWs)   bands (ev):

    -3.9985   1.2999   3.5091   3.9849

          k = 0.6250 0.1250-0.1250 (   528 PWs)   bands (ev):

    -3.9985   1.2999   3.5091   3.9849

          k = 0.6250-0.8750-0.1250 (   522 PWs)   bands (ev):

    -2.2825  -0.7123   2.0738   3.2050

          k =-0.1250 0.8750 0.6250 (   522 PWs)   bands (ev):

    -2.2825  -0.7123   2.0738   3.2050

          k =-0.1250-0.1250 0.6250 (   528 PWs)   bands (ev):

    -3.9985   1.2999   3.5091   3.9849

          k = 0.8750 0.6250-0.1250 (   522 PWs)   bands (ev):

    -2.2825  -0.7123   2.0738   3.2050

          k = 0.8750-0.3750-0.1250 (   522 PWs)   bands (ev):

    -2.2825  -0.7123   2.0738   3.2050

          k = 0.1250 0.6250 0.3750 (   526 PWs)   bands (ev):

    -3.5604   0.3663   2.8491   4.2661

          k = 0.1250-0.3750 0.3750 (   526 PWs)   bands (ev):

    -4.5483   1.5828   3.8822   5.4511

          k = 0.6250 0.3750 0.1250 (   526 PWs)   bands (ev):

    -3.5604   0.3663   2.8491   4.2661

          k = 0.6250-0.6250 0.1250 (   526 PWs)   bands (ev):

    -2.8345  -0.4465   2.1552   4.3149

          k =-0.8750 0.1250-0.1250 (   521 PWs)   bands (ev):

    -2.4719  -0.6036   2.7180   3.5015

          k =-0.8750-0.8750-0.1250 (   521 PWs)   bands (ev):

    -2.4719  -0.6036   2.7180   3.5015

          k =-0.3750 1.1250 0.3750 (   526 PWs)   bands (ev):

    -2.8345  -0.4465   2.1552   4.3149

          k =-0.3750 0.1250 0.3750 (   526 PWs)   bands (ev):

    -4.5483   1.5828   3.8822   5.4511

     highest occupied level (ev):     5.9404

     Writing config to output data dir /scratch/RUNNING_QE/q-e-qe-7.6/tempdir//g1/_ph0/silicon.save/ :
     XML data file

                                                                                

     bravais-lattice index     =            2
     lattice parameter (alat)  =      10.2000  a.u.
     unit-cell volume          =     265.3020 (a.u.)^3
     number of atoms/cell      =            2
     number of atomic types    =            1
     kinetic-energy cut-off    =      24.0000  Ry
     charge density cut-off    =      96.0000  Ry
     convergence threshold     =      1.0E-12
     beta                      =       0.7000
     number of iterations used =            4
     Exchange-correlation= PZ
                           (   1   1   0   0   0   0   0)


     celldm(1)=   10.20000  celldm(2)=    0.00000  celldm(3)=    0.00000
     celldm(4)=    0.00000  celldm(5)=    0.00000  celldm(6)=    0.00000

     crystal axes: (cart. coord. in units of alat)
               a(1) = ( -0.5000  0.0000  0.5000 )  
               a(2) = (  0.0000  0.5000  0.5000 )  
               a(3) = ( -0.5000  0.5000  0.0000 )  

     reciprocal axes: (cart. coord. in units 2 pi/alat)
               b(1) = ( -1.0000 -1.0000  1.0000 )  
               b(2) = (  1.0000  1.0000  1.0000 )  
               b(3) = ( -1.0000  1.0000 -1.0000 )  


     Atoms inside the unit cell: 

     Cartesian axes

     site n.  atom      mass           positions (alat units)
        1  Si     28.0860   tau(    1) = (    0.00000    0.00000    0.00000  )
        2  Si     28.0860   tau(    2) = (    0.25000    0.25000    0.25000  )

     Computing dynamical matrix for 
                    q = (   0.0000000  -1.0000000   0.0000000 )
 
     17 Sym.Ops. (with q -> -q+G )


     G cutoff =  252.9949  (    715 G-vectors)     FFT grid: ( 24, 24, 24)
     number of k points=    40

     PseudoPot. # 1 for Si read from file:
     /scratch/RUNNING_QE/q-e-qe-7.6/pseudo/Si.pz-vbc.UPF
     MD5 check sum: 9f25e6ff280f3123e9b3a84715b2e9c9
     Pseudo is Norm-conserving, Zval =  4.0
     Generated by new atomic code, or converted to UPF format
     Using radial grid of  431 points,  2 beta functions with: 
                l(1) =   0
                l(2) =   1

     Mode symmetry, D_3d (-3m)  point group:


     Atomic displacements:
     There are   3 irreducible representations

     Representation     1      2 modes -  To be done

     Representation     2      2 modes -  To be done

     Representation     3      2 modes -  To be done


     Message from routine init_vloc:
     Interpolation table for Vloc re-allocated

     Alpha used in Ewald sum =   1.0000
     PHONON       :      9.96s CPU     10.56s WALL (       3 calls)


     Representation #   1 modes #   1   2

     Self-consistent Calculation

      iter #        1 total cpu time :    10.7 secs 
      thresh= 3.200E-10                |ddv_scf|^2 =  0.000E+00

      iter #        2 total cpu time :    10.7 secs 
      thresh= 3.200E-10                |ddv_scf|^2 =  1.187E-01

      iter #        3 total cpu time :    10.8 secs 
      thresh= 3.200E-10                |ddv_scf|^2 =  1.285E-02

      iter #        4 total cpu time :    10.9 secs 
      thresh= 3.200E-10                |ddv_scf|^2 =  2.855E-03

      iter #        5 total cpu time :    10.9 secs 
      thresh= 3.200E-10                |ddv_scf|^2 =  6.702E-04

      iter #        6 total cpu time :    11.0 secs 
      thresh= 3.200E-10                |ddv_scf|^2 =  1.648E-04

      iter #        7 total cpu time :    11.0 secs 
      thresh= 3.200E-10                |ddv_scf|^2 =  7.068E-05

      iter #        8 total cpu time :    11.1 secs 
      thresh= 3.200E-10                |ddv_scf|^2 =  2.689E-05

      iter #        9 total cpu time :    11.1 secs 
      thresh= 3.200E-10                |ddv_scf|^2 =  1.827E-05

      iter #       10 total cpu time :    11.2 secs 
      thresh= 3.200E-10                |ddv_scf|^2 =  7.853E-06

      iter #       11 total cpu time :    11.2 secs 
      thresh= 3.200E-10                |ddv_scf|^2 =  4.113E-06

      iter #       12 total cpu time :    11.3 secs 
      thresh= 3.200E-10                |ddv_scf|^2 =  1.527E-06

      iter #       13 total cpu time :    11.3 secs 
      thresh= 3.200E-10                |ddv_scf|^2 =  6.451E-07

      iter #       14 total cpu time :    11.4 secs 
      thresh= 3.200E-10                |ddv_scf|^2 =  2.480E-07

      iter #       15 total cpu time :    11.4 secs 
      thresh= 3.200E-10                |ddv_scf|^2 =  8.499E-08

      iter #       16 total cpu time :    11.5 secs 
      thresh= 3.200E-10                |ddv_scf|^2 =  2.814E-08

      iter #       17 total cpu time :    11.5 secs 
      thresh= 3.200E-10                |ddv_scf|^2 =  7.190E-09

      iter #       18 total cpu time :    11.5 secs 
      thresh= 3.200E-10                |ddv_scf|^2 =  1.532E-09

      iter #       19 total cpu time :    11.6 secs 
      thresh= 3.200E-10                |ddv_scf|^2 =  4.318E-10

      iter #       20 total cpu time :    11.6 secs 
      thresh= 3.200E-10                |ddv_scf|^2 =  1.037E-10

     End of self-consistent calculation

     Convergence has been achieved 


     Representation #   2 modes #   3   4

     Self-consistent Calculation

      iter #        1 total cpu time :    11.7 secs 
      thresh= 3.200E-10                |ddv_scf|^2 =  0.000E+00

      iter #        2 total cpu time :    11.7 secs 
      thresh= 3.200E-10                |ddv_scf|^2 =  1.835E-01

      iter #        3 total cpu time :    11.8 secs 
      thresh= 3.200E-10                |ddv_scf|^2 =  1.253E-02

      iter #        4 total cpu time :    11.8 secs 
      thresh= 3.200E-10                |ddv_scf|^2 =  2.080E-03

      iter #        5 total cpu time :    11.9 secs 
      thresh= 3.200E-10                |ddv_scf|^2 =  7.381E-04

      iter #        6 total cpu time :    11.9 secs 
      thresh= 3.200E-10                |ddv_scf|^2 =  2.442E-04

      iter #        7 total cpu time :    11.9 secs 
      thresh= 3.200E-10                |ddv_scf|^2 =  1.904E-04

      iter #        8 total cpu time :    12.0 secs 
      thresh= 3.200E-10                |ddv_scf|^2 =  8.503E-05

      iter #        9 total cpu time :    12.0 secs 
      thresh= 3.200E-10                |ddv_scf|^2 =  4.828E-05

      iter #       10 total cpu time :    12.1 secs 
      thresh= 3.200E-10                |ddv_scf|^2 =  1.850E-05

      iter #       11 total cpu time :    12.1 secs 
      thresh= 3.200E-10                |ddv_scf|^2 =  7.194E-06

      iter #       12 total cpu time :    12.2 secs 
      thresh= 3.200E-10                |ddv_scf|^2 =  2.662E-06

      iter #       13 total cpu time :    12.2 secs 
      thresh= 3.200E-10                |ddv_scf|^2 =  8.032E-07

      iter #       14 total cpu time :    12.2 secs 
      thresh= 3.200E-10                |ddv_scf|^2 =  2.785E-07

      iter #       15 total cpu time :    12.3 secs 
      thresh= 3.200E-10                |ddv_scf|^2 =  8.735E-08

      iter #       16 total cpu time :    12.3 secs 
      thresh= 3.200E-10                |ddv_scf|^2 =  2.384E-08

      iter #       17 total cpu time :    12.4 secs 
      thresh= 3.200E-10                |ddv_scf|^2 =  7.079E-09

      iter #       18 total cpu time :    12.4 secs 
      thresh= 3.200E-10                |ddv_scf|^2 =  1.884E-09

      iter #       19 total cpu time :    12.4 secs 
      thresh= 3.200E-10                |ddv_scf|^2 =  5.157E-10

      iter #       20 total cpu time :    12.5 secs 
      thresh= 3.200E-10                |ddv_scf|^2 =  1.569E-10

     End of self-consistent calculation

     Convergence has been achieved 


     Representation #   3 modes #   5   6

     Self-consistent Calculation

      iter #        1 total cpu time :    12.6 secs 
      thresh= 3.200E-10                |ddv_scf|^2 =  0.000E+00

      iter #        2 total cpu time :    12.7 secs 
      thresh= 3.200E-10                |ddv_scf|^2 =  2.854E-02

      iter #        3 total cpu time :    12.7 secs 
      thresh= 3.200E-10                |ddv_scf|^2 =  3.335E-03

      iter #        4 total cpu time :    12.7 secs 
      thresh= 3.200E-10                |ddv_scf|^2 =  1.584E-03

      iter #        5 total cpu time :    12.8 secs 
      thresh= 3.200E-10                |ddv_scf|^2 =  5.356E-04

      iter #        6 total cpu time :    12.8 secs 
      thresh= 3.200E-10                |ddv_scf|^2 =  3.595E-04

      iter #        7 total cpu time :    12.9 secs 
      thresh= 3.200E-10                |ddv_scf|^2 =  1.375E-04

      iter #        8 total cpu time :    12.9 secs 
      thresh= 3.200E-10                |ddv_scf|^2 =  8.925E-05

      iter #        9 total cpu time :    12.9 secs 
      thresh= 3.200E-10                |ddv_scf|^2 =  3.779E-05

      iter #       10 total cpu time :    13.0 secs 
      thresh= 3.200E-10                |ddv_scf|^2 =  1.435E-05

      iter #       11 total cpu time :    13.0 secs 
      thresh= 3.200E-10                |ddv_scf|^2 =  4.746E-06

      iter #       12 total cpu time :    13.1 secs 
      thresh= 3.200E-10                |ddv_scf|^2 =  1.374E-06

      iter #       13 total cpu time :    13.1 secs 
      thresh= 3.200E-10                |ddv_scf|^2 =  4.045E-07

      iter #       14 total cpu time :    13.2 secs 
      thresh= 3.200E-10                |ddv_scf|^2 =  1.188E-07

      iter #       15 total cpu time :    13.2 secs 
      thresh= 3.200E-10                |ddv_scf|^2 =  3.359E-08

      iter #       16 total cpu time :    13.2 secs 
      thresh= 3.200E-10                |ddv_scf|^2 =  1.035E-08

      iter #       17 total cpu time :    13.3 secs 
      thresh= 3.200E-10                |ddv_scf|^2 =  2.718E-09

      iter #       18 total cpu time :    13.3 secs 
      thresh= 3.200E-10                |ddv_scf|^2 =  8.300E-10

      iter #       19 total cpu time :    13.4 secs 
      thresh= 3.200E-10                |ddv_scf|^2 =  2.899E-10

     End of self-consistent calculation

     Convergence has been achieved 
 
     Number of q in the star =    3
     List of q in the star:
          1   0.000000000  -1.000000000   0.000000000
          2  -1.000000000   0.000000000   0.000000000
          3   0.000000000   0.000000000   1.000000000

     Diagonalizing the dynamical matrix

     q = (    0.000000000  -1.000000000   0.000000000 ) 

 **************************************************************************
     freq (    1) =       4.241143 [THz] =     141.469306 [cm-1]
     freq (    2) =       4.241143 [THz] =     141.469306 [cm-1]
     freq (    3) =      12.228308 [THz] =     407.892441 [cm-1]
     freq (    4) =      12.228308 [THz] =     407.892441 [cm-1]
     freq (    5) =      13.711097 [THz] =     457.352977 [cm-1]
     freq (    6) =      13.711097 [THz] =     457.352977 [cm-1]
 **************************************************************************

     Zone border point and nonsymmorphic operations. Using
     the projective irreducible representations with beta=-1 and gamma=-1
     point group number 109  D_4h(4/mmm)

     Mode symmetry:

     freq (  1 -  2) =        141.5  [cm-1]   --> A_2B_1
     freq (  3 -  4) =        407.9  [cm-1]   --> E-x     E_1-x
     freq (  5 -  6) =        457.4  [cm-1]   --> A_1B_2

The Born effective charges associated to eigenvectors

      mode #     1 charge (        0.00000        0.00000        0.00000)
      mode #     2 charge (        0.00000        0.00000        0.00000)
      mode #     3 charge (        0.00000        0.00000        0.00000)
      mode #     4 charge (        0.00000        0.00000        0.00000)
      mode #     5 charge (        0.00000        0.00000        0.00000)
      mode #     6 charge (        0.00000        0.00000        0.00000)

  ++++++++++++++++++++++++++++++++++++++++++++++++++++++++++++++++++++++++++++
     Computing the interatomic force constants
     Writing on file phdisp_files/output_frc.dat.g1
  ++++++++++++++++++++++++++++++++++++++++++++++++++++++++++++++++++++++++++++


     Reading q grid from file 
     dynamical_matrices/si.dyn.g1.0

     Reading force constants from file
     dynamical_matrices/si.dyn.g1.1
  alpha Ewald:     2.635363986537206     
 
     q=   0.00000000  0.00000000  0.00000000

     Reading force constants from file
     dynamical_matrices/si.dyn.g1.2
  alpha Ewald:     2.635363986537206     
 
     q=   0.50000000 -0.50000000  0.50000000
     q=   0.50000000  0.50000000 -0.50000000
     q=  -0.50000000 -0.50000000 -0.50000000
     q=   0.50000000 -0.50000000 -0.50000000

     Reading force constants from file
     dynamical_matrices/si.dyn.g1.3
  alpha Ewald:     2.635363986537206     
 
     q=   0.00000000 -1.00000000  0.00000000
     q=  -1.00000000  0.00000000  0.00000000
     q=   0.00000000  0.00000000  1.00000000

     q grid ok,  number points =    8

     fft-check success (sum of imaginary terms < 10^-12)

  ++++++++++++++++++++++++++++++++++++++++++++++++++++++++++++++++++++++++++++
     Interpolating the dynamical matrices for dispersion
     Frequencies written on file 
     phdisp_files/output_frq.dat.g1
  ++++++++++++++++++++++++++++++++++++++++++++++++++++++++++++++++++++++++++++


  ++++++++++++++++++++++++++++++++++++++++++++++++++++++++++++++++++++++++++++
     Interpolating the dynamical matrices
     Reading the interatomic force constants from file
     phdisp_files/output_frc.dat.g1
  ++++++++++++++++++++++++++++++++++++++++++++++++++++++++++++++++++++++++++++


     **********************************************************************

                    q=(   0.00000,   0.00000,   0.00000  )

     Mode symmetry analysis not available for this point

     **********************************************************************

                    q=(   0.00000,   0.02500,   0.00000  )

     Using the point group C_4v (4mm)  to classify the modes
     there are  5 classes
     the character table:

       E     2C4   C2    2s_v  2s_d 
A_1    1.00  1.00  1.00  1.00  1.00
A_2    1.00  1.00  1.00 -1.00 -1.00
B_1    1.00 -1.00  1.00  1.00 -1.00
B_2    1.00 -1.00  1.00 -1.00  1.00
E      2.00  0.00 -2.00  0.00  0.00

     the symmetry operations in each class and the name of the first element:

     E        1
          identity                                               
     2C4      3    4
           90 deg rotation - cart. axis [0,1,0]                  
     C2       2
          180 deg rotation - cart. axis [0,1,0]                  
     2s_v     5    6
          inv. 180 deg rotation - cart. axis [0,0,1]             
     2s_d     7    8
          inv. 180 deg rotation - cart. axis [1,0,1]             

     Mode symmetry, C_4v (4mm)  point group:

     freq (   1-   2) =          5.1  [cm-1]   --> E    G_5 D_5       
     freq (   3-   3) =         12.3  [cm-1]   --> A_1  G_1 D_1       
     freq (   4-   5) =        509.2  [cm-1]   --> E    G_5 D_5       
     freq (   6-   6) =        509.2  [cm-1]   --> B_2  G_4 D_2'      

     **********************************************************************

                    q=(   0.00000,   0.05000,   0.00000  )

     Mode symmetry, C_4v (4mm)  point group:

     freq (   1-   2) =         10.1  [cm-1]   --> E    G_5 D_5       
     freq (   3-   3) =         24.6  [cm-1]   --> A_1  G_1 D_1       
     freq (   4-   5) =        509.0  [cm-1]   --> E    G_5 D_5       
     freq (   6-   6) =        509.2  [cm-1]   --> B_2  G_4 D_2'      

     **********************************************************************

                    q=(   0.00000,   0.07500,   0.00000  )

     Mode symmetry, C_4v (4mm)  point group:

     freq (   1-   2) =         15.1  [cm-1]   --> E    G_5 D_5       
     freq (   3-   3) =         36.9  [cm-1]   --> A_1  G_1 D_1       
     freq (   4-   5) =        508.7  [cm-1]   --> E    G_5 D_5       
     freq (   6-   6) =        509.0  [cm-1]   --> B_2  G_4 D_2'      

     **********************************************************************

                    q=(   0.00000,   0.10000,   0.00000  )

     Mode symmetry, C_4v (4mm)  point group:

     freq (   1-   2) =         20.1  [cm-1]   --> E    G_5 D_5       
     freq (   3-   3) =         49.1  [cm-1]   --> A_1  G_1 D_1       
     freq (   4-   5) =        508.3  [cm-1]   --> E    G_5 D_5       
     freq (   6-   6) =        508.8  [cm-1]   --> B_2  G_4 D_2'      

     **********************************************************************

                    q=(   0.00000,   0.12500,   0.00000  )

     Mode symmetry, C_4v (4mm)  point group:

     freq (   1-   2) =         25.1  [cm-1]   --> E    G_5 D_5       
     freq (   3-   3) =         61.3  [cm-1]   --> A_1  G_1 D_1       
     freq (   4-   5) =        507.8  [cm-1]   --> E    G_5 D_5       
     freq (   6-   6) =        508.6  [cm-1]   --> B_2  G_4 D_2'      

     **********************************************************************

                    q=(   0.00000,   0.15000,   0.00000  )

     Mode symmetry, C_4v (4mm)  point group:

     freq (   1-   2) =         30.1  [cm-1]   --> E    G_5 D_5       
     freq (   3-   3) =         73.5  [cm-1]   --> A_1  G_1 D_1       
     freq (   4-   5) =        507.1  [cm-1]   --> E    G_5 D_5       
     freq (   6-   6) =        508.2  [cm-1]   --> B_2  G_4 D_2'      

     **********************************************************************

                    q=(   0.00000,   0.17500,   0.00000  )

     Mode symmetry, C_4v (4mm)  point group:

     freq (   1-   2) =         35.1  [cm-1]   --> E    G_5 D_5       
     freq (   3-   3) =         85.6  [cm-1]   --> A_1  G_1 D_1       
     freq (   4-   5) =        506.3  [cm-1]   --> E    G_5 D_5       
     freq (   6-   6) =        507.8  [cm-1]   --> B_2  G_4 D_2'      

     **********************************************************************

                    q=(   0.00000,   0.20000,   0.00000  )

     Mode symmetry, C_4v (4mm)  point group:

     freq (   1-   2) =         40.0  [cm-1]   --> E    G_5 D_5       
     freq (   3-   3) =         97.6  [cm-1]   --> A_1  G_1 D_1       
     freq (   4-   5) =        505.4  [cm-1]   --> E    G_5 D_5       
     freq (   6-   6) =        507.4  [cm-1]   --> B_2  G_4 D_2'      

     **********************************************************************

                    q=(   0.00000,   0.22500,   0.00000  )

     Mode symmetry, C_4v (4mm)  point group:

     freq (   1-   2) =         44.8  [cm-1]   --> E    G_5 D_5       
     freq (   3-   3) =        109.6  [cm-1]   --> A_1  G_1 D_1       
     freq (   4-   5) =        504.4  [cm-1]   --> E    G_5 D_5       
     freq (   6-   6) =        506.8  [cm-1]   --> B_2  G_4 D_2'      

     **********************************************************************

                    q=(   0.00000,   0.25000,   0.00000  )

     Mode symmetry, C_4v (4mm)  point group:

     freq (   1-   2) =         49.7  [cm-1]   --> E    G_5 D_5       
     freq (   3-   3) =        121.4  [cm-1]   --> A_1  G_1 D_1       
     freq (   4-   5) =        503.3  [cm-1]   --> E    G_5 D_5       
     freq (   6-   6) =        506.1  [cm-1]   --> B_2  G_4 D_2'      

     **********************************************************************

                    q=(   0.00000,   0.27500,   0.00000  )

     Mode symmetry, C_4v (4mm)  point group:

     freq (   1-   2) =         54.4  [cm-1]   --> E    G_5 D_5       
     freq (   3-   3) =        133.2  [cm-1]   --> A_1  G_1 D_1       
     freq (   4-   5) =        502.1  [cm-1]   --> E    G_5 D_5       
     freq (   6-   6) =        505.4  [cm-1]   --> B_2  G_4 D_2'      

     **********************************************************************

                    q=(   0.00000,   0.30000,   0.00000  )

     Mode symmetry, C_4v (4mm)  point group:

     freq (   1-   2) =         59.1  [cm-1]   --> E    G_5 D_5       
     freq (   3-   3) =        144.9  [cm-1]   --> A_1  G_1 D_1       
     freq (   4-   5) =        500.7  [cm-1]   --> E    G_5 D_5       
     freq (   6-   6) =        504.5  [cm-1]   --> B_2  G_4 D_2'      

     **********************************************************************

                    q=(   0.00000,   0.32500,   0.00000  )

     Mode symmetry, C_4v (4mm)  point group:

     freq (   1-   2) =         63.8  [cm-1]   --> E    G_5 D_5       
     freq (   3-   3) =        156.5  [cm-1]   --> A_1  G_1 D_1       
     freq (   4-   5) =        499.3  [cm-1]   --> E    G_5 D_5       
     freq (   6-   6) =        503.6  [cm-1]   --> B_2  G_4 D_2'      

     **********************************************************************

                    q=(   0.00000,   0.35000,   0.00000  )

     Mode symmetry, C_4v (4mm)  point group:

     freq (   1-   2) =         68.4  [cm-1]   --> E    G_5 D_5       
     freq (   3-   3) =        168.0  [cm-1]   --> A_1  G_1 D_1       
     freq (   4-   5) =        497.8  [cm-1]   --> E    G_5 D_5       
     freq (   6-   6) =        502.5  [cm-1]   --> B_2  G_4 D_2'      

     **********************************************************************

                    q=(   0.00000,   0.37500,   0.00000  )

     Mode symmetry, C_4v (4mm)  point group:

     freq (   1-   2) =         72.9  [cm-1]   --> E    G_5 D_5       
     freq (   3-   3) =        179.3  [cm-1]   --> A_1  G_1 D_1       
     freq (   4-   5) =        496.1  [cm-1]   --> E    G_5 D_5       
     freq (   6-   6) =        501.3  [cm-1]   --> B_2  G_4 D_2'      

     **********************************************************************

                    q=(   0.00000,   0.40000,   0.00000  )

     Mode symmetry, C_4v (4mm)  point group:

     freq (   1-   2) =         77.3  [cm-1]   --> E    G_5 D_5       
     freq (   3-   3) =        190.5  [cm-1]   --> A_1  G_1 D_1       
     freq (   4-   5) =        494.4  [cm-1]   --> E    G_5 D_5       
     freq (   6-   6) =        499.9  [cm-1]   --> B_2  G_4 D_2'      

     **********************************************************************

                    q=(   0.00000,   0.42500,   0.00000  )

     Mode symmetry, C_4v (4mm)  point group:

     freq (   1-   2) =         81.7  [cm-1]   --> E    G_5 D_5       
     freq (   3-   3) =        201.6  [cm-1]   --> A_1  G_1 D_1       
     freq (   4-   5) =        492.6  [cm-1]   --> E    G_5 D_5       
     freq (   6-   6) =        498.4  [cm-1]   --> B_2  G_4 D_2'      

     **********************************************************************

                    q=(   0.00000,   0.45000,   0.00000  )

     Mode symmetry, C_4v (4mm)  point group:

     freq (   1-   2) =         86.0  [cm-1]   --> E    G_5 D_5       
     freq (   3-   3) =        212.6  [cm-1]   --> A_1  G_1 D_1       
     freq (   4-   5) =        490.8  [cm-1]   --> E    G_5 D_5       
     freq (   6-   6) =        496.7  [cm-1]   --> B_2  G_4 D_2'      

     **********************************************************************

                    q=(   0.00000,   0.47500,   0.00000  )

     Mode symmetry, C_4v (4mm)  point group:

     freq (   1-   2) =         90.2  [cm-1]   --> E    G_5 D_5       
     freq (   3-   3) =        223.4  [cm-1]   --> A_1  G_1 D_1       
     freq (   4-   5) =        488.8  [cm-1]   --> E    G_5 D_5       
     freq (   6-   6) =        494.9  [cm-1]   --> B_2  G_4 D_2'      

     **********************************************************************

                    q=(   0.00000,   0.50000,   0.00000  )

     Mode symmetry, C_4v (4mm)  point group:

     freq (   1-   2) =         94.3  [cm-1]   --> E    G_5 D_5       
     freq (   3-   3) =        234.0  [cm-1]   --> A_1  G_1 D_1       
     freq (   4-   5) =        486.9  [cm-1]   --> E    G_5 D_5       
     freq (   6-   6) =        492.9  [cm-1]   --> B_2  G_4 D_2'      

     **********************************************************************

                    q=(   0.00000,   0.52500,   0.00000  )

     Mode symmetry, C_4v (4mm)  point group:

     freq (   1-   2) =         98.3  [cm-1]   --> E    G_5 D_5       
     freq (   3-   3) =        244.5  [cm-1]   --> A_1  G_1 D_1       
     freq (   4-   5) =        484.8  [cm-1]   --> E    G_5 D_5       
     freq (   6-   6) =        490.7  [cm-1]   --> B_2  G_4 D_2'      

     **********************************************************************

                    q=(   0.00000,   0.55000,   0.00000  )

     Mode symmetry, C_4v (4mm)  point group:

     freq (   1-   2) =        102.1  [cm-1]   --> E    G_5 D_5       
     freq (   3-   3) =        254.9  [cm-1]   --> A_1  G_1 D_1       
     freq (   4-   5) =        482.8  [cm-1]   --> E    G_5 D_5       
     freq (   6-   6) =        488.3  [cm-1]   --> B_2  G_4 D_2'      

     **********************************************************************

                    q=(   0.00000,   0.57500,   0.00000  )

     Mode symmetry, C_4v (4mm)  point group:

     freq (   1-   2) =        105.9  [cm-1]   --> E    G_5 D_5       
     freq (   3-   3) =        265.0  [cm-1]   --> A_1  G_1 D_1       
     freq (   4-   5) =        480.7  [cm-1]   --> E    G_5 D_5       
     freq (   6-   6) =        485.8  [cm-1]   --> B_2  G_4 D_2'      

     **********************************************************************

                    q=(   0.00000,   0.60000,   0.00000  )

     Mode symmetry, C_4v (4mm)  point group:

     freq (   1-   2) =        109.5  [cm-1]   --> E    G_5 D_5       
     freq (   3-   3) =        275.0  [cm-1]   --> A_1  G_1 D_1       
     freq (   4-   5) =        478.7  [cm-1]   --> E    G_5 D_5       
     freq (   6-   6) =        483.0  [cm-1]   --> B_2  G_4 D_2'      

     **********************************************************************

                    q=(   0.00000,   0.62500,   0.00000  )

     Mode symmetry, C_4v (4mm)  point group:

     freq (   1-   2) =        113.0  [cm-1]   --> E    G_5 D_5       
     freq (   3-   3) =        284.8  [cm-1]   --> A_1  G_1 D_1       
     freq (   4-   5) =        476.6  [cm-1]   --> E    G_5 D_5       
     freq (   6-   6) =        480.0  [cm-1]   --> B_2  G_4 D_2'      

     **********************************************************************

                    q=(   0.00000,   0.65000,   0.00000  )

     Mode symmetry, C_4v (4mm)  point group:

     freq (   1-   2) =        116.4  [cm-1]   --> E    G_5 D_5       
     freq (   3-   3) =        294.4  [cm-1]   --> A_1  G_1 D_1       
     freq (   4-   5) =        474.5  [cm-1]   --> E    G_5 D_5       
     freq (   6-   6) =        476.8  [cm-1]   --> B_2  G_4 D_2'      

     **********************************************************************

                    q=(   0.00000,   0.67500,   0.00000  )

     Mode symmetry, C_4v (4mm)  point group:

     freq (   1-   2) =        119.5  [cm-1]   --> E    G_5 D_5       
     freq (   3-   3) =        303.9  [cm-1]   --> A_1  G_1 D_1       
     freq (   4-   5) =        472.5  [cm-1]   --> E    G_5 D_5       
     freq (   6-   6) =        473.4  [cm-1]   --> B_2  G_4 D_2'      

     **********************************************************************

                    q=(   0.00000,   0.70000,   0.00000  )

     Mode symmetry, C_4v (4mm)  point group:

     freq (   1-   2) =        122.6  [cm-1]   --> E    G_5 D_5       
     freq (   3-   3) =        313.1  [cm-1]   --> A_1  G_1 D_1       
     freq (   4-   4) =        469.7  [cm-1]   --> B_2  G_4 D_2'      
     freq (   5-   6) =        470.6  [cm-1]   --> E    G_5 D_5       

     **********************************************************************

                    q=(   0.00000,   0.72500,   0.00000  )

     Mode symmetry, C_4v (4mm)  point group:

     freq (   1-   2) =        125.4  [cm-1]   --> E    G_5 D_5       
     freq (   3-   3) =        322.2  [cm-1]   --> A_1  G_1 D_1       
     freq (   4-   4) =        465.9  [cm-1]   --> B_2  G_4 D_2'      
     freq (   5-   6) =        468.7  [cm-1]   --> E    G_5 D_5       

     **********************************************************************

                    q=(   0.00000,   0.75000,   0.00000  )

     Mode symmetry, C_4v (4mm)  point group:

     freq (   1-   2) =        128.0  [cm-1]   --> E    G_5 D_5       
     freq (   3-   3) =        331.0  [cm-1]   --> A_1  G_1 D_1       
     freq (   4-   4) =        461.8  [cm-1]   --> B_2  G_4 D_2'      
     freq (   5-   6) =        466.9  [cm-1]   --> E    G_5 D_5       

     **********************************************************************

                    q=(   0.00000,   0.77500,   0.00000  )

     Mode symmetry, C_4v (4mm)  point group:

     freq (   1-   2) =        130.5  [cm-1]   --> E    G_5 D_5       
     freq (   3-   3) =        339.7  [cm-1]   --> A_1  G_1 D_1       
     freq (   4-   4) =        457.5  [cm-1]   --> B_2  G_4 D_2'      
     freq (   5-   6) =        465.3  [cm-1]   --> E    G_5 D_5       

     **********************************************************************

                    q=(   0.00000,   0.80000,   0.00000  )

     Mode symmetry, C_4v (4mm)  point group:

     freq (   1-   2) =        132.7  [cm-1]   --> E    G_5 D_5       
     freq (   3-   3) =        348.1  [cm-1]   --> A_1  G_1 D_1       
     freq (   4-   4) =        452.9  [cm-1]   --> B_2  G_4 D_2'      
     freq (   5-   6) =        463.7  [cm-1]   --> E    G_5 D_5       

     **********************************************************************

                    q=(   0.00000,   0.82500,   0.00000  )

     Mode symmetry, C_4v (4mm)  point group:

     freq (   1-   2) =        134.7  [cm-1]   --> E    G_5 D_5       
     freq (   3-   3) =        356.4  [cm-1]   --> A_1  G_1 D_1       
     freq (   4-   4) =        448.1  [cm-1]   --> B_2  G_4 D_2'      
     freq (   5-   6) =        462.3  [cm-1]   --> E    G_5 D_5       

     **********************************************************************

                    q=(   0.00000,   0.85000,   0.00000  )

     Mode symmetry, C_4v (4mm)  point group:

     freq (   1-   2) =        136.4  [cm-1]   --> E    G_5 D_5       
     freq (   3-   3) =        364.4  [cm-1]   --> A_1  G_1 D_1       
     freq (   4-   4) =        443.1  [cm-1]   --> B_2  G_4 D_2'      
     freq (   5-   6) =        461.0  [cm-1]   --> E    G_5 D_5       

     **********************************************************************

                    q=(   0.00000,   0.87500,   0.00000  )

     Mode symmetry, C_4v (4mm)  point group:

     freq (   1-   2) =        137.9  [cm-1]   --> E    G_5 D_5       
     freq (   3-   3) =        372.2  [cm-1]   --> A_1  G_1 D_1       
     freq (   4-   4) =        437.8  [cm-1]   --> B_2  G_4 D_2'      
     freq (   5-   6) =        459.9  [cm-1]   --> E    G_5 D_5       

     **********************************************************************

                    q=(   0.00000,   0.90000,   0.00000  )

     Mode symmetry, C_4v (4mm)  point group:

     freq (   1-   2) =        139.2  [cm-1]   --> E    G_5 D_5       
     freq (   3-   3) =        379.8  [cm-1]   --> A_1  G_1 D_1       
     freq (   4-   4) =        432.3  [cm-1]   --> B_2  G_4 D_2'      
     freq (   5-   6) =        459.0  [cm-1]   --> E    G_5 D_5       

     **********************************************************************

                    q=(   0.00000,   0.92500,   0.00000  )

     Mode symmetry, C_4v (4mm)  point group:

     freq (   1-   2) =        140.2  [cm-1]   --> E    G_5 D_5       
     freq (   3-   3) =        387.1  [cm-1]   --> A_1  G_1 D_1       
     freq (   4-   4) =        426.5  [cm-1]   --> B_2  G_4 D_2'      
     freq (   5-   6) =        458.3  [cm-1]   --> E    G_5 D_5       

     **********************************************************************

                    q=(   0.00000,   0.95000,   0.00000  )

     Mode symmetry, C_4v (4mm)  point group:

     freq (   1-   2) =        140.9  [cm-1]   --> E    G_5 D_5       
     freq (   3-   3) =        394.3  [cm-1]   --> A_1  G_1 D_1       
     freq (   4-   4) =        420.6  [cm-1]   --> B_2  G_4 D_2'      
     freq (   5-   6) =        457.8  [cm-1]   --> E    G_5 D_5       

     **********************************************************************

                    q=(   0.00000,   0.97500,   0.00000  )

     Mode symmetry, C_4v (4mm)  point group:

     freq (   1-   2) =        141.3  [cm-1]   --> E    G_5 D_5       
     freq (   3-   3) =        401.2  [cm-1]   --> A_1  G_1 D_1       
     freq (   4-   4) =        414.3  [cm-1]   --> B_2  G_4 D_2'      
     freq (   5-   6) =        457.4  [cm-1]   --> E    G_5 D_5       

     **********************************************************************

                    q=(   0.00000,   1.00000,   0.00000  )

     Zone border point and nonsymmorphic operations. Using
     the projective irreducible representations with beta=-1 and gamma=-1
     point group number 109  D_4h(4/mmm)

     Mode symmetry:

     freq (  1 -  2) =        141.4  [cm-1]   --> A_1B_2
     freq (  3 -  4) =        407.9  [cm-1]   --> E-x     E_1-x
     freq (  5 -  6) =        457.3  [cm-1]   --> A_2B_1

     **********************************************************************

                    q=(   1.00000,   1.00000,   0.00000  )

     Zone border point and nonsymmorphic operations. Using
     the projective irreducible representations with beta=-1 and gamma=-1
     point group number 108  D_4h(4/mmm)

     Mode symmetry:

     freq (  1 -  2) =        141.4  [cm-1]   --> A_2B_1
     freq (  3 -  4) =        407.9  [cm-1]   --> E-x     E_1-x
     freq (  5 -  6) =        457.3  [cm-1]   --> A_1B_2

     **********************************************************************

                    q=(   0.98333,   0.98333,   0.00000  )

     Using the point group C_2v (mm2)  to classify the modes
     there are  4 classes
     the character table:

       E     C2    s_v   s_v' 
A_1    1.00  1.00  1.00  1.00
A_2    1.00  1.00 -1.00 -1.00
B_1    1.00 -1.00  1.00 -1.00
B_2    1.00 -1.00 -1.00  1.00

     the symmetry operations in each class and the name of the first element:

     E        1
          identity                                               
     C2       3
          180 deg rotation - cart. axis [1,1,0]                  
     s_v      2
          inv. 180 deg rotation - cart. axis [0,0,1]             
     s_v'     4
          inv. 180 deg rotation - cart. axis [1,-1,0]            

     Mode symmetry, C_2v (mm2)  point group:

     freq (   1-   1) =        141.4  [cm-1]   --> B_1  D_3  S_3      
     freq (   2-   2) =        142.0  [cm-1]   --> B_2  D_4  S_4      
     freq (   3-   3) =        407.6  [cm-1]   --> A_1  D_1  S_1      
     freq (   4-   4) =        407.8  [cm-1]   --> B_2  D_4  S_4      
     freq (   5-   5) =        457.4  [cm-1]   --> A_2  D_2  S_2      
     freq (   6-   6) =        457.5  [cm-1]   --> A_1  D_1  S_1      

     **********************************************************************

                    q=(   0.96667,   0.96667,   0.00000  )

     Mode symmetry, C_2v (mm2)  point group:

     freq (   1-   1) =        141.3  [cm-1]   --> B_1  D_3  S_3      
     freq (   2-   2) =        143.8  [cm-1]   --> B_2  D_4  S_4      
     freq (   3-   3) =        406.8  [cm-1]   --> A_1  D_1  S_1      
     freq (   4-   4) =        407.4  [cm-1]   --> B_2  D_4  S_4      
     freq (   5-   5) =        457.5  [cm-1]   --> A_2  D_2  S_2      
     freq (   6-   6) =        458.0  [cm-1]   --> A_1  D_1  S_1      

     **********************************************************************

                    q=(   0.95000,   0.95000,   0.00000  )

     Mode symmetry, C_2v (mm2)  point group:

     freq (   1-   1) =        141.1  [cm-1]   --> B_1  D_3  S_3      
     freq (   2-   2) =        146.6  [cm-1]   --> B_2  D_4  S_4      
     freq (   3-   3) =        405.6  [cm-1]   --> A_1  D_1  S_1      
     freq (   4-   4) =        406.9  [cm-1]   --> B_2  D_4  S_4      
     freq (   5-   5) =        457.7  [cm-1]   --> A_2  D_2  S_2      
     freq (   6-   6) =        458.7  [cm-1]   --> A_1  D_1  S_1      

     **********************************************************************

                    q=(   0.93333,   0.93333,   0.00000  )

     Mode symmetry, C_2v (mm2)  point group:

     freq (   1-   1) =        140.8  [cm-1]   --> B_1  D_3  S_3      
     freq (   2-   2) =        150.4  [cm-1]   --> B_2  D_4  S_4      
     freq (   3-   3) =        403.9  [cm-1]   --> A_1  D_1  S_1      
     freq (   4-   4) =        406.1  [cm-1]   --> B_2  D_4  S_4      
     freq (   5-   5) =        458.0  [cm-1]   --> A_2  D_2  S_2      
     freq (   6-   6) =        459.6  [cm-1]   --> A_1  D_1  S_1      

     **********************************************************************

                    q=(   0.91667,   0.91667,   0.00000  )

     Mode symmetry, C_2v (mm2)  point group:

     freq (   1-   1) =        140.4  [cm-1]   --> B_1  D_3  S_3      
     freq (   2-   2) =        155.1  [cm-1]   --> B_2  D_4  S_4      
     freq (   3-   3) =        401.8  [cm-1]   --> A_1  D_1  S_1      
     freq (   4-   4) =        405.2  [cm-1]   --> B_2  D_4  S_4      
     freq (   5-   5) =        458.3  [cm-1]   --> A_2  D_2  S_2      
     freq (   6-   6) =        460.7  [cm-1]   --> A_1  D_1  S_1      

     **********************************************************************

                    q=(   0.90000,   0.90000,   0.00000  )

     Mode symmetry, C_2v (mm2)  point group:

     freq (   1-   1) =        140.0  [cm-1]   --> B_1  D_3  S_3      
     freq (   2-   2) =        160.5  [cm-1]   --> B_2  D_4  S_4      
     freq (   3-   3) =        399.4  [cm-1]   --> A_1  D_1  S_1      
     freq (   4-   4) =        404.1  [cm-1]   --> B_2  D_4  S_4      
     freq (   5-   5) =        458.8  [cm-1]   --> A_2  D_2  S_2      
     freq (   6-   6) =        462.0  [cm-1]   --> A_1  D_1  S_1      

     **********************************************************************

                    q=(   0.88333,   0.88333,   0.00000  )

     Mode symmetry, C_2v (mm2)  point group:

     freq (   1-   1) =        139.4  [cm-1]   --> B_1  D_3  S_3      
     freq (   2-   2) =        166.5  [cm-1]   --> B_2  D_4  S_4      
     freq (   3-   3) =        396.7  [cm-1]   --> A_1  D_1  S_1      
     freq (   4-   4) =        402.8  [cm-1]   --> B_2  D_4  S_4      
     freq (   5-   5) =        459.3  [cm-1]   --> A_2  D_2  S_2      
     freq (   6-   6) =        463.3  [cm-1]   --> A_1  D_1  S_1      

     **********************************************************************

                    q=(   0.86667,   0.86667,   0.00000  )

     Mode symmetry, C_2v (mm2)  point group:

     freq (   1-   1) =        138.8  [cm-1]   --> B_1  D_3  S_3      
     freq (   2-   2) =        172.8  [cm-1]   --> B_2  D_4  S_4      
     freq (   3-   3) =        393.7  [cm-1]   --> A_1  D_1  S_1      
     freq (   4-   4) =        401.5  [cm-1]   --> B_2  D_4  S_4      
     freq (   5-   5) =        459.9  [cm-1]   --> A_2  D_2  S_2      
     freq (   6-   6) =        464.7  [cm-1]   --> A_1  D_1  S_1      

     **********************************************************************

                    q=(   0.85000,   0.85000,   0.00000  )

     Mode symmetry, C_2v (mm2)  point group:

     freq (   1-   1) =        138.1  [cm-1]   --> B_1  D_3  S_3      
     freq (   2-   2) =        179.4  [cm-1]   --> B_2  D_4  S_4      
     freq (   3-   3) =        390.5  [cm-1]   --> A_1  D_1  S_1      
     freq (   4-   4) =        400.1  [cm-1]   --> B_2  D_4  S_4      
     freq (   5-   5) =        460.5  [cm-1]   --> A_2  D_2  S_2      
     freq (   6-   6) =        466.1  [cm-1]   --> A_1  D_1  S_1      

     **********************************************************************

                    q=(   0.83333,   0.83333,   0.00000  )

     Mode symmetry, C_2v (mm2)  point group:

     freq (   1-   1) =        137.3  [cm-1]   --> B_1  D_3  S_3      
     freq (   2-   2) =        186.1  [cm-1]   --> B_2  D_4  S_4      
     freq (   3-   3) =        387.2  [cm-1]   --> A_1  D_1  S_1      
     freq (   4-   4) =        398.7  [cm-1]   --> B_2  D_4  S_4      
     freq (   5-   5) =        461.2  [cm-1]   --> A_2  D_2  S_2      
     freq (   6-   6) =        467.4  [cm-1]   --> A_1  D_1  S_1      

     **********************************************************************

                    q=(   0.81667,   0.81667,   0.00000  )

     Mode symmetry, C_2v (mm2)  point group:

     freq (   1-   1) =        136.5  [cm-1]   --> B_1  D_3  S_3      
     freq (   2-   2) =        192.7  [cm-1]   --> B_2  D_4  S_4      
     freq (   3-   3) =        383.6  [cm-1]   --> A_1  D_1  S_1      
     freq (   4-   4) =        397.3  [cm-1]   --> B_2  D_4  S_4      
     freq (   5-   5) =        462.0  [cm-1]   --> A_2  D_2  S_2      
     freq (   6-   6) =        468.7  [cm-1]   --> A_1  D_1  S_1      

     **********************************************************************

                    q=(   0.80000,   0.80000,   0.00000  )

     Mode symmetry, C_2v (mm2)  point group:

     freq (   1-   1) =        135.5  [cm-1]   --> B_1  D_3  S_3      
     freq (   2-   2) =        199.1  [cm-1]   --> B_2  D_4  S_4      
     freq (   3-   3) =        380.0  [cm-1]   --> A_1  D_1  S_1      
     freq (   4-   4) =        396.1  [cm-1]   --> B_2  D_4  S_4      
     freq (   5-   5) =        462.9  [cm-1]   --> A_2  D_2  S_2      
     freq (   6-   6) =        470.0  [cm-1]   --> A_1  D_1  S_1      

     **********************************************************************

                    q=(   0.78333,   0.78333,   0.00000  )

     Mode symmetry, C_2v (mm2)  point group:

     freq (   1-   1) =        134.5  [cm-1]   --> B_1  D_3  S_3      
     freq (   2-   2) =        205.1  [cm-1]   --> B_2  D_4  S_4      
     freq (   3-   3) =        376.2  [cm-1]   --> A_1  D_1  S_1      
     freq (   4-   4) =        395.0  [cm-1]   --> B_2  D_4  S_4      
     freq (   5-   5) =        463.8  [cm-1]   --> A_2  D_2  S_2      
     freq (   6-   6) =        471.2  [cm-1]   --> A_1  D_1  S_1      

     **********************************************************************

                    q=(   0.76667,   0.76667,   0.00000  )

     Mode symmetry, C_2v (mm2)  point group:

     freq (   1-   1) =        133.3  [cm-1]   --> B_1  D_3  S_3      
     freq (   2-   2) =        210.7  [cm-1]   --> B_2  D_4  S_4      
     freq (   3-   3) =        372.2  [cm-1]   --> A_1  D_1  S_1      
     freq (   4-   4) =        394.3  [cm-1]   --> B_2  D_4  S_4      
     freq (   5-   5) =        464.7  [cm-1]   --> A_2  D_2  S_2      
     freq (   6-   6) =        472.4  [cm-1]   --> A_1  D_1  S_1      

     **********************************************************************

                    q=(   0.75000,   0.75000,   0.00000  )

     Mode symmetry, C_2v (mm2)  point group:

     freq (   1-   1) =        132.1  [cm-1]   --> B_1  D_3  S_3      
     freq (   2-   2) =        215.6  [cm-1]   --> B_2  D_4  S_4      
     freq (   3-   3) =        368.2  [cm-1]   --> A_1  D_1  S_1      
     freq (   4-   4) =        393.9  [cm-1]   --> B_2  D_4  S_4      
     freq (   5-   5) =        465.8  [cm-1]   --> A_2  D_2  S_2      
     freq (   6-   6) =        473.5  [cm-1]   --> A_1  D_1  S_1      

     **********************************************************************

                    q=(   0.73125,   0.73125,   0.00000  )

     Mode symmetry, C_2v (mm2)  point group:

     freq (   1-   1) =        130.7  [cm-1]   --> B_1  D_3  S_3      
     freq (   2-   2) =        220.3  [cm-1]   --> B_2  D_4  S_4      
     freq (   3-   3) =        363.5  [cm-1]   --> A_1  D_1  S_1      
     freq (   4-   4) =        394.0  [cm-1]   --> B_2  D_4  S_4      
     freq (   5-   5) =        467.0  [cm-1]   --> A_2  D_2  S_2      
     freq (   6-   6) =        474.6  [cm-1]   --> A_1  D_1  S_1      

     **********************************************************************

                    q=(   0.71250,   0.71250,   0.00000  )

     Mode symmetry, C_2v (mm2)  point group:

     freq (   1-   1) =        129.1  [cm-1]   --> B_1  D_3  S_3      
     freq (   2-   2) =        223.8  [cm-1]   --> B_2  D_4  S_4      
     freq (   3-   3) =        358.7  [cm-1]   --> A_1  D_1  S_1      
     freq (   4-   4) =        394.8  [cm-1]   --> B_2  D_4  S_4      
     freq (   5-   5) =        468.2  [cm-1]   --> A_2  D_2  S_2      
     freq (   6-   6) =        475.7  [cm-1]   --> A_1  D_1  S_1      

     **********************************************************************

                    q=(   0.69375,   0.69375,   0.00000  )

     Mode symmetry, C_2v (mm2)  point group:

     freq (   1-   1) =        127.4  [cm-1]   --> B_1  D_3  S_3      
     freq (   2-   2) =        226.2  [cm-1]   --> B_2  D_4  S_4      
     freq (   3-   3) =        353.7  [cm-1]   --> A_1  D_1  S_1      
     freq (   4-   4) =        396.3  [cm-1]   --> B_2  D_4  S_4      
     freq (   5-   5) =        469.5  [cm-1]   --> A_2  D_2  S_2      
     freq (   6-   6) =        476.6  [cm-1]   --> A_1  D_1  S_1      

     **********************************************************************

                    q=(   0.67500,   0.67500,   0.00000  )

     Mode symmetry, C_2v (mm2)  point group:

     freq (   1-   1) =        125.7  [cm-1]   --> B_1  D_3  S_3      
     freq (   2-   2) =        227.3  [cm-1]   --> B_2  D_4  S_4      
     freq (   3-   3) =        348.6  [cm-1]   --> A_1  D_1  S_1      
     freq (   4-   4) =        398.5  [cm-1]   --> B_2  D_4  S_4      
     freq (   5-   5) =        470.9  [cm-1]   --> A_2  D_2  S_2      
     freq (   6-   6) =        477.5  [cm-1]   --> A_1  D_1  S_1      

     **********************************************************************

                    q=(   0.65625,   0.65625,   0.00000  )

     Mode symmetry, C_2v (mm2)  point group:

     freq (   1-   1) =        123.8  [cm-1]   --> B_1  D_3  S_3      
     freq (   2-   2) =        227.1  [cm-1]   --> B_2  D_4  S_4      
     freq (   3-   3) =        343.4  [cm-1]   --> A_1  D_1  S_1      
     freq (   4-   4) =        401.5  [cm-1]   --> B_2  D_4  S_4      
     freq (   5-   5) =        472.3  [cm-1]   --> A_2  D_2  S_2      
     freq (   6-   6) =        478.4  [cm-1]   --> A_1  D_1  S_1      

     **********************************************************************

                    q=(   0.63750,   0.63750,   0.00000  )

     Mode symmetry, C_2v (mm2)  point group:

     freq (   1-   1) =        121.8  [cm-1]   --> B_1  D_3  S_3      
     freq (   2-   2) =        225.7  [cm-1]   --> B_2  D_4  S_4      
     freq (   3-   3) =        338.0  [cm-1]   --> A_1  D_1  S_1      
     freq (   4-   4) =        405.2  [cm-1]   --> B_2  D_4  S_4      
     freq (   5-   5) =        473.7  [cm-1]   --> A_2  D_2  S_2      
     freq (   6-   6) =        479.1  [cm-1]   --> A_1  D_1  S_1      

     **********************************************************************

                    q=(   0.61875,   0.61875,   0.00000  )

     Mode symmetry, C_2v (mm2)  point group:

     freq (   1-   1) =        119.7  [cm-1]   --> B_1  D_3  S_3      
     freq (   2-   2) =        223.2  [cm-1]   --> B_2  D_4  S_4      
     freq (   3-   3) =        332.4  [cm-1]   --> A_1  D_1  S_1      
     freq (   4-   4) =        409.5  [cm-1]   --> B_2  D_4  S_4      
     freq (   5-   5) =        475.2  [cm-1]   --> A_2  D_2  S_2      
     freq (   6-   6) =        479.9  [cm-1]   --> A_1  D_1  S_1      

     **********************************************************************

                    q=(   0.60000,   0.60000,   0.00000  )

     Mode symmetry, C_2v (mm2)  point group:

     freq (   1-   1) =        117.4  [cm-1]   --> B_1  D_3  S_3      
     freq (   2-   2) =        219.6  [cm-1]   --> B_2  D_4  S_4      
     freq (   3-   3) =        326.7  [cm-1]   --> A_1  D_1  S_1      
     freq (   4-   4) =        414.3  [cm-1]   --> B_2  D_4  S_4      
     freq (   5-   5) =        476.7  [cm-1]   --> A_2  D_2  S_2      
     freq (   6-   6) =        480.6  [cm-1]   --> A_1  D_1  S_1      

     **********************************************************************

                    q=(   0.58125,   0.58125,   0.00000  )

     Mode symmetry, C_2v (mm2)  point group:

     freq (   1-   1) =        115.1  [cm-1]   --> B_1  D_3  S_3      
     freq (   2-   2) =        215.2  [cm-1]   --> B_2  D_4  S_4      
     freq (   3-   3) =        320.7  [cm-1]   --> A_1  D_1  S_1      
     freq (   4-   4) =        419.4  [cm-1]   --> B_2  D_4  S_4      
     freq (   5-   5) =        478.2  [cm-1]   --> A_2  D_2  S_2      
     freq (   6-   6) =        481.2  [cm-1]   --> A_1  D_1  S_1      

     **********************************************************************

                    q=(   0.56250,   0.56250,   0.00000  )

     Mode symmetry, C_2v (mm2)  point group:

     freq (   1-   1) =        112.7  [cm-1]   --> B_1  D_3  S_3      
     freq (   2-   2) =        210.0  [cm-1]   --> B_2  D_4  S_4      
     freq (   3-   3) =        314.5  [cm-1]   --> A_1  D_1  S_1      
     freq (   4-   4) =        424.8  [cm-1]   --> B_2  D_4  S_4      
     freq (   5-   5) =        479.8  [cm-1]   --> A_2  D_2  S_2      
     freq (   6-   6) =        481.9  [cm-1]   --> A_1  D_1  S_1      

     **********************************************************************

                    q=(   0.54375,   0.54375,   0.00000  )

     Mode symmetry, C_2v (mm2)  point group:

     freq (   1-   1) =        110.1  [cm-1]   --> B_1  D_3  S_3      
     freq (   2-   2) =        204.1  [cm-1]   --> B_2  D_4  S_4      
     freq (   3-   3) =        308.1  [cm-1]   --> A_1  D_1  S_1      
     freq (   4-   4) =        430.4  [cm-1]   --> B_2  D_4  S_4      
     freq (   5-   5) =        481.3  [cm-1]   --> A_2  D_2  S_2      
     freq (   6-   6) =        482.6  [cm-1]   --> A_1  D_1  S_1      

     **********************************************************************

                    q=(   0.52500,   0.52500,   0.00000  )

     Mode symmetry, C_2v (mm2)  point group:

     freq (   1-   1) =        107.5  [cm-1]   --> B_1  D_3  S_3      
     freq (   2-   2) =        197.6  [cm-1]   --> B_2  D_4  S_4      
     freq (   3-   3) =        301.5  [cm-1]   --> A_1  D_1  S_1      
     freq (   4-   4) =        436.0  [cm-1]   --> B_2  D_4  S_4      
     freq (   5-   5) =        482.8  [cm-1]   --> A_2  D_2  S_2      
     freq (   6-   6) =        483.3  [cm-1]   --> A_1  D_1  S_1      

     **********************************************************************

                    q=(   0.50625,   0.50625,   0.00000  )

     Mode symmetry, C_2v (mm2)  point group:

     freq (   1-   1) =        104.7  [cm-1]   --> B_1  D_3  S_3      
     freq (   2-   2) =        190.7  [cm-1]   --> B_2  D_4  S_4      
     freq (   3-   3) =        294.6  [cm-1]   --> A_1  D_1  S_1      
     freq (   4-   4) =        441.5  [cm-1]   --> B_2  D_4  S_4      
     freq (   5-   5) =        484.0  [cm-1]   --> A_1  D_1  S_1      
     freq (   6-   6) =        484.4  [cm-1]   --> A_2  D_2  S_2      

     **********************************************************************

                    q=(   0.48750,   0.48750,   0.00000  )

     Mode symmetry, C_2v (mm2)  point group:

     freq (   1-   1) =        101.9  [cm-1]   --> B_1  D_3  S_3      
     freq (   2-   2) =        183.4  [cm-1]   --> B_2  D_4  S_4      
     freq (   3-   3) =        287.4  [cm-1]   --> A_1  D_1  S_1      
     freq (   4-   4) =        447.0  [cm-1]   --> B_2  D_4  S_4      
     freq (   5-   5) =        484.8  [cm-1]   --> A_1  D_1  S_1      
     freq (   6-   6) =        485.9  [cm-1]   --> A_2  D_2  S_2      

     **********************************************************************

                    q=(   0.46875,   0.46875,   0.00000  )

     Mode symmetry, C_2v (mm2)  point group:

     freq (   1-   1) =         98.9  [cm-1]   --> B_1  D_3  S_3      
     freq (   2-   2) =        175.8  [cm-1]   --> B_2  D_4  S_4      
     freq (   3-   3) =        279.9  [cm-1]   --> A_1  D_1  S_1      
     freq (   4-   4) =        452.3  [cm-1]   --> B_2  D_4  S_4      
     freq (   5-   5) =        485.6  [cm-1]   --> A_1  D_1  S_1      
     freq (   6-   6) =        487.4  [cm-1]   --> A_2  D_2  S_2      

     **********************************************************************

                    q=(   0.45000,   0.45000,   0.00000  )

     Mode symmetry, C_2v (mm2)  point group:

     freq (   1-   1) =         95.9  [cm-1]   --> B_1  D_3  S_3      
     freq (   2-   2) =        168.0  [cm-1]   --> B_2  D_4  S_4      
     freq (   3-   3) =        272.1  [cm-1]   --> A_1  D_1  S_1      
     freq (   4-   4) =        457.5  [cm-1]   --> B_2  D_4  S_4      
     freq (   5-   5) =        486.5  [cm-1]   --> A_1  D_1  S_1      
     freq (   6-   6) =        488.9  [cm-1]   --> A_2  D_2  S_2      

     **********************************************************************

                    q=(   0.43125,   0.43125,   0.00000  )

     Mode symmetry, C_2v (mm2)  point group:

     freq (   1-   1) =         92.7  [cm-1]   --> B_1  D_3  S_3      
     freq (   2-   2) =        160.0  [cm-1]   --> B_2  D_4  S_4      
     freq (   3-   3) =        264.0  [cm-1]   --> A_1  D_1  S_1      
     freq (   4-   4) =        462.4  [cm-1]   --> B_2  D_4  S_4      
     freq (   5-   5) =        487.5  [cm-1]   --> A_1  D_1  S_1      
     freq (   6-   6) =        490.3  [cm-1]   --> A_2  D_2  S_2      

     **********************************************************************

                    q=(   0.41250,   0.41250,   0.00000  )

     Mode symmetry, C_2v (mm2)  point group:

     freq (   1-   1) =         89.5  [cm-1]   --> B_1  D_3  S_3      
     freq (   2-   2) =        151.8  [cm-1]   --> B_2  D_4  S_4      
     freq (   3-   3) =        255.6  [cm-1]   --> A_1  D_1  S_1      
     freq (   4-   4) =        467.1  [cm-1]   --> B_2  D_4  S_4      
     freq (   5-   5) =        488.5  [cm-1]   --> A_1  D_1  S_1      
     freq (   6-   6) =        491.8  [cm-1]   --> A_2  D_2  S_2      

     **********************************************************************

                    q=(   0.39375,   0.39375,   0.00000  )

     Mode symmetry, C_2v (mm2)  point group:

     freq (   1-   1) =         86.1  [cm-1]   --> B_1  D_3  S_3      
     freq (   2-   2) =        143.6  [cm-1]   --> B_2  D_4  S_4      
     freq (   3-   3) =        246.9  [cm-1]   --> A_1  D_1  S_1      
     freq (   4-   4) =        471.6  [cm-1]   --> B_2  D_4  S_4      
     freq (   5-   5) =        489.6  [cm-1]   --> A_1  D_1  S_1      
     freq (   6-   6) =        493.2  [cm-1]   --> A_2  D_2  S_2      

     **********************************************************************

                    q=(   0.37500,   0.37500,   0.00000  )

     Mode symmetry, C_2v (mm2)  point group:

     freq (   1-   1) =         82.7  [cm-1]   --> B_1  D_3  S_3      
     freq (   2-   2) =        135.4  [cm-1]   --> B_2  D_4  S_4      
     freq (   3-   3) =        237.8  [cm-1]   --> A_1  D_1  S_1      
     freq (   4-   4) =        475.7  [cm-1]   --> B_2  D_4  S_4      
     freq (   5-   5) =        490.7  [cm-1]   --> A_1  D_1  S_1      
     freq (   6-   6) =        494.5  [cm-1]   --> A_2  D_2  S_2      

     **********************************************************************

                    q=(   0.35625,   0.35625,   0.00000  )

     Mode symmetry, C_2v (mm2)  point group:

     freq (   1-   1) =         79.1  [cm-1]   --> B_1  D_3  S_3      
     freq (   2-   2) =        127.2  [cm-1]   --> B_2  D_4  S_4      
     freq (   3-   3) =        228.4  [cm-1]   --> A_1  D_1  S_1      
     freq (   4-   4) =        479.6  [cm-1]   --> B_2  D_4  S_4      
     freq (   5-   5) =        491.9  [cm-1]   --> A_1  D_1  S_1      
     freq (   6-   6) =        495.9  [cm-1]   --> A_2  D_2  S_2      

     **********************************************************************

                    q=(   0.33750,   0.33750,   0.00000  )

     Mode symmetry, C_2v (mm2)  point group:

     freq (   1-   1) =         75.5  [cm-1]   --> B_1  D_3  S_3      
     freq (   2-   2) =        119.0  [cm-1]   --> B_2  D_4  S_4      
     freq (   3-   3) =        218.7  [cm-1]   --> A_1  D_1  S_1      
     freq (   4-   4) =        483.2  [cm-1]   --> B_2  D_4  S_4      
     freq (   5-   5) =        493.1  [cm-1]   --> A_1  D_1  S_1      
     freq (   6-   6) =        497.1  [cm-1]   --> A_2  D_2  S_2      

     **********************************************************************

                    q=(   0.31875,   0.31875,   0.00000  )

     Mode symmetry, C_2v (mm2)  point group:

     freq (   1-   1) =         71.8  [cm-1]   --> B_1  D_3  S_3      
     freq (   2-   2) =        111.0  [cm-1]   --> B_2  D_4  S_4      
     freq (   3-   3) =        208.6  [cm-1]   --> A_1  D_1  S_1      
     freq (   4-   4) =        486.6  [cm-1]   --> B_2  D_4  S_4      
     freq (   5-   5) =        494.3  [cm-1]   --> A_1  D_1  S_1      
     freq (   6-   6) =        498.4  [cm-1]   --> A_2  D_2  S_2      

     **********************************************************************

                    q=(   0.30000,   0.30000,   0.00000  )

     Mode symmetry, C_2v (mm2)  point group:

     freq (   1-   1) =         68.0  [cm-1]   --> B_1  D_3  S_3      
     freq (   2-   2) =        103.0  [cm-1]   --> B_2  D_4  S_4      
     freq (   3-   3) =        198.2  [cm-1]   --> A_1  D_1  S_1      
     freq (   4-   4) =        489.6  [cm-1]   --> B_2  D_4  S_4      
     freq (   5-   5) =        495.6  [cm-1]   --> A_1  D_1  S_1      
     freq (   6-   6) =        499.6  [cm-1]   --> A_2  D_2  S_2      

     **********************************************************************

                    q=(   0.28125,   0.28125,   0.00000  )

     Mode symmetry, C_2v (mm2)  point group:

     freq (   1-   1) =         64.2  [cm-1]   --> B_1  D_3  S_3      
     freq (   2-   2) =         95.2  [cm-1]   --> B_2  D_4  S_4      
     freq (   3-   3) =        187.5  [cm-1]   --> A_1  D_1  S_1      
     freq (   4-   4) =        492.4  [cm-1]   --> B_2  D_4  S_4      
     freq (   5-   5) =        496.9  [cm-1]   --> A_1  D_1  S_1      
     freq (   6-   6) =        500.7  [cm-1]   --> A_2  D_2  S_2      

     **********************************************************************

                    q=(   0.26250,   0.26250,   0.00000  )

     Mode symmetry, C_2v (mm2)  point group:

     freq (   1-   1) =         60.2  [cm-1]   --> B_1  D_3  S_3      
     freq (   2-   2) =         87.5  [cm-1]   --> B_2  D_4  S_4      
     freq (   3-   3) =        176.5  [cm-1]   --> A_1  D_1  S_1      
     freq (   4-   4) =        494.9  [cm-1]   --> B_2  D_4  S_4      
     freq (   5-   5) =        498.2  [cm-1]   --> A_1  D_1  S_1      
     freq (   6-   6) =        501.7  [cm-1]   --> A_2  D_2  S_2      

     **********************************************************************

                    q=(   0.24375,   0.24375,   0.00000  )

     Mode symmetry, C_2v (mm2)  point group:

     freq (   1-   1) =         56.2  [cm-1]   --> B_1  D_3  S_3      
     freq (   2-   2) =         80.0  [cm-1]   --> B_2  D_4  S_4      
     freq (   3-   3) =        165.2  [cm-1]   --> A_1  D_1  S_1      
     freq (   4-   4) =        497.2  [cm-1]   --> B_2  D_4  S_4      
     freq (   5-   5) =        499.5  [cm-1]   --> A_1  D_1  S_1      
     freq (   6-   6) =        502.7  [cm-1]   --> A_2  D_2  S_2      

     **********************************************************************

                    q=(   0.22500,   0.22500,   0.00000  )

     Mode symmetry, C_2v (mm2)  point group:

     freq (   1-   1) =         52.2  [cm-1]   --> B_1  D_3  S_3      
     freq (   2-   2) =         72.7  [cm-1]   --> B_2  D_4  S_4      
     freq (   3-   3) =        153.7  [cm-1]   --> A_1  D_1  S_1      
     freq (   4-   4) =        499.2  [cm-1]   --> B_2  D_4  S_4      
     freq (   5-   5) =        500.7  [cm-1]   --> A_1  D_1  S_1      
     freq (   6-   6) =        503.7  [cm-1]   --> A_2  D_2  S_2      

     **********************************************************************

                    q=(   0.20625,   0.20625,   0.00000  )

     Mode symmetry, C_2v (mm2)  point group:

     freq (   1-   1) =         48.0  [cm-1]   --> B_1  D_3  S_3      
     freq (   2-   2) =         65.6  [cm-1]   --> B_2  D_4  S_4      
     freq (   3-   3) =        141.8  [cm-1]   --> A_1  D_1  S_1      
     freq (   4-   4) =        501.0  [cm-1]   --> B_2  D_4  S_4      
     freq (   5-   5) =        501.9  [cm-1]   --> A_1  D_1  S_1      
     freq (   6-   6) =        504.5  [cm-1]   --> A_2  D_2  S_2      

     **********************************************************************

                    q=(   0.18750,   0.18750,   0.00000  )

     Mode symmetry, C_2v (mm2)  point group:

     freq (   1-   1) =         43.9  [cm-1]   --> B_1  D_3  S_3      
     freq (   2-   2) =         58.7  [cm-1]   --> B_2  D_4  S_4      
     freq (   3-   3) =        129.8  [cm-1]   --> A_1  D_1  S_1      
     freq (   4-   4) =        502.6  [cm-1]   --> B_2  D_4  S_4      
     freq (   5-   5) =        503.1  [cm-1]   --> A_1  D_1  S_1      
     freq (   6-   6) =        505.4  [cm-1]   --> A_2  D_2  S_2      

     **********************************************************************

                    q=(   0.16875,   0.16875,   0.00000  )

     Mode symmetry, C_2v (mm2)  point group:

     freq (   1-   1) =         39.6  [cm-1]   --> B_1  D_3  S_3      
     freq (   2-   2) =         52.1  [cm-1]   --> B_2  D_4  S_4      
     freq (   3-   3) =        117.4  [cm-1]   --> A_1  D_1  S_1      
     freq (   4-   4) =        504.0  [cm-1]   --> B_2  D_4  S_4      
     freq (   5-   5) =        504.1  [cm-1]   --> A_1  D_1  S_1      
     freq (   6-   6) =        506.1  [cm-1]   --> A_2  D_2  S_2      

     **********************************************************************

                    q=(   0.15000,   0.15000,   0.00000  )

     Mode symmetry, C_2v (mm2)  point group:

     freq (   1-   1) =         35.3  [cm-1]   --> B_1  D_3  S_3      
     freq (   2-   2) =         45.6  [cm-1]   --> B_2  D_4  S_4      
     freq (   3-   3) =        104.9  [cm-1]   --> A_1  D_1  S_1      
     freq (   4-   4) =        505.2  [cm-1]   --> B_2  D_4  S_4      
     freq (   5-   5) =        505.2  [cm-1]   --> A_1  D_1  S_1      
     freq (   6-   6) =        506.7  [cm-1]   --> A_2  D_2  S_2      

     **********************************************************************

                    q=(   0.13125,   0.13125,   0.00000  )

     Mode symmetry, C_2v (mm2)  point group:

     freq (   1-   1) =         31.0  [cm-1]   --> B_1  D_3  S_3      
     freq (   2-   2) =         39.4  [cm-1]   --> B_2  D_4  S_4      
     freq (   3-   3) =         92.2  [cm-1]   --> A_1  D_1  S_1      
     freq (   4-   4) =        506.1  [cm-1]   --> A_1  D_1  S_1      
     freq (   5-   5) =        506.2  [cm-1]   --> B_2  D_4  S_4      
     freq (   6-   6) =        507.3  [cm-1]   --> A_2  D_2  S_2      

     **********************************************************************

                    q=(   0.11250,   0.11250,   0.00000  )

     Mode symmetry, C_2v (mm2)  point group:

     freq (   1-   1) =         26.7  [cm-1]   --> B_1  D_3  S_3      
     freq (   2-   2) =         33.4  [cm-1]   --> B_2  D_4  S_4      
     freq (   3-   3) =         79.4  [cm-1]   --> A_1  D_1  S_1      
     freq (   4-   4) =        506.9  [cm-1]   --> A_1  D_1  S_1      
     freq (   5-   5) =        507.0  [cm-1]   --> B_2  D_4  S_4      
     freq (   6-   6) =        507.8  [cm-1]   --> A_2  D_2  S_2      

     **********************************************************************

                    q=(   0.09375,   0.09375,   0.00000  )

     Mode symmetry, C_2v (mm2)  point group:

     freq (   1-   1) =         22.3  [cm-1]   --> B_1  D_3  S_3      
     freq (   2-   2) =         27.5  [cm-1]   --> B_2  D_4  S_4      
     freq (   3-   3) =         66.4  [cm-1]   --> A_1  D_1  S_1      
     freq (   4-   4) =        507.6  [cm-1]   --> A_1  D_1  S_1      
     freq (   5-   5) =        507.7  [cm-1]   --> B_2  D_4  S_4      
     freq (   6-   6) =        508.3  [cm-1]   --> A_2  D_2  S_2      

     **********************************************************************

                    q=(   0.07500,   0.07500,   0.00000  )

     Mode symmetry, C_2v (mm2)  point group:

     freq (   1-   1) =         17.8  [cm-1]   --> B_1  D_3  S_3      
     freq (   2-   2) =         21.8  [cm-1]   --> B_2  D_4  S_4      
     freq (   3-   3) =         53.2  [cm-1]   --> A_1  D_1  S_1      
     freq (   4-   4) =        508.2  [cm-1]   --> A_1  D_1  S_1      
     freq (   5-   5) =        508.3  [cm-1]   --> B_2  D_4  S_4      
     freq (   6-   6) =        508.6  [cm-1]   --> A_2  D_2  S_2      

     **********************************************************************

                    q=(   0.05625,   0.05625,   0.00000  )

     Mode symmetry, C_2v (mm2)  point group:

     freq (   1-   1) =         13.4  [cm-1]   --> B_1  D_3  S_3      
     freq (   2-   2) =         16.2  [cm-1]   --> B_2  D_4  S_4      
     freq (   3-   3) =         40.0  [cm-1]   --> A_1  D_1  S_1      
     freq (   4-   4) =        508.7  [cm-1]   --> A_1  D_1  S_1      
     freq (   5-   5) =        508.7  [cm-1]   --> B_2  D_4  S_4      
     freq (   6-   6) =        508.9  [cm-1]   --> A_2  D_2  S_2      

     **********************************************************************

                    q=(   0.03750,   0.03750,   0.00000  )

     Mode symmetry, C_2v (mm2)  point group:

     freq (   1-   1) =          8.9  [cm-1]   --> B_1  D_3  S_3      
     freq (   2-   2) =         10.8  [cm-1]   --> B_2  D_4  S_4      
     freq (   3-   3) =         26.7  [cm-1]   --> A_1  D_1  S_1      
     freq (   4-   4) =        509.0  [cm-1]   --> A_1  D_1  S_1      
     freq (   5-   5) =        509.0  [cm-1]   --> B_2  D_4  S_4      
     freq (   6-   6) =        509.1  [cm-1]   --> A_2  D_2  S_2      

     **********************************************************************

                    q=(   0.01875,   0.01875,   0.00000  )

     Mode symmetry, C_2v (mm2)  point group:

     freq (   1-   1) =          4.5  [cm-1]   --> B_1  D_3  S_3      
     freq (   2-   2) =          5.4  [cm-1]   --> B_2  D_4  S_4      
     freq (   3-   3) =         13.4  [cm-1]   --> A_1  D_1  S_1      
     freq (   4-   4) =        509.2  [cm-1]   --> A_1  D_1  S_1      
     freq (   5-   5) =        509.2  [cm-1]   --> B_2  D_4  S_4      
     freq (   6-   6) =        509.2  [cm-1]   --> A_2  D_2  S_2      

     **********************************************************************

                    q=(   0.00000,   0.00000,   0.00000  )

     Mode symmetry analysis not available for this point

     **********************************************************************

                    q=(   0.00000,   0.00000,   0.00000  )

     Mode symmetry analysis not available for this point

     **********************************************************************

                    q=(   0.01250,   0.01250,   0.01250  )

     Using the point group C_3v (3m)   to classify the modes
     there are  3 classes
     the character table:

       E     2C3   3s_v 
A_1    1.00  1.00  1.00
A_2    1.00  1.00 -1.00
E      2.00 -1.00  0.00

     the symmetry operations in each class and the name of the first element:

     E        1
          identity                                               
     2C3      3    4
          120 deg rotation - cart. axis [-1,-1,-1]               
     3s_v     2    5    6
          inv. 180 deg rotation - cart. axis [1,-1,0]            

     Mode symmetry, C_3v (3m)   point group:

     freq (   1-   2) =          3.9  [cm-1]   --> E    L_3           
     freq (   3-   3) =         11.0  [cm-1]   --> A_1  L_1           
     freq (   4-   4) =        509.2  [cm-1]   --> A_1  L_1           
     freq (   5-   6) =        509.2  [cm-1]   --> E    L_3           

     **********************************************************************

                    q=(   0.02500,   0.02500,   0.02500  )

     Mode symmetry, C_3v (3m)   point group:

     freq (   1-   2) =          7.8  [cm-1]   --> E    L_3           
     freq (   3-   3) =         22.0  [cm-1]   --> A_1  L_1           
     freq (   4-   4) =        509.1  [cm-1]   --> A_1  L_1           
     freq (   5-   6) =        509.1  [cm-1]   --> E    L_3           

     **********************************************************************

                    q=(   0.03750,   0.03750,   0.03750  )

     Mode symmetry, C_3v (3m)   point group:

     freq (   1-   2) =         11.7  [cm-1]   --> E    L_3           
     freq (   3-   3) =         33.0  [cm-1]   --> A_1  L_1           
     freq (   4-   4) =        508.9  [cm-1]   --> A_1  L_1           
     freq (   5-   6) =        509.0  [cm-1]   --> E    L_3           

     **********************************************************************

                    q=(   0.05000,   0.05000,   0.05000  )

     Mode symmetry, C_3v (3m)   point group:

     freq (   1-   2) =         15.6  [cm-1]   --> E    L_3           
     freq (   3-   3) =         44.0  [cm-1]   --> A_1  L_1           
     freq (   4-   4) =        508.5  [cm-1]   --> A_1  L_1           
     freq (   5-   6) =        508.7  [cm-1]   --> E    L_3           

     **********************************************************************

                    q=(   0.06250,   0.06250,   0.06250  )

     Mode symmetry, C_3v (3m)   point group:

     freq (   1-   2) =         19.5  [cm-1]   --> E    L_3           
     freq (   3-   3) =         55.0  [cm-1]   --> A_1  L_1           
     freq (   4-   4) =        508.1  [cm-1]   --> A_1  L_1           
     freq (   5-   6) =        508.5  [cm-1]   --> E    L_3           

     **********************************************************************

                    q=(   0.07500,   0.07500,   0.07500  )

     Mode symmetry, C_3v (3m)   point group:

     freq (   1-   2) =         23.3  [cm-1]   --> E    L_3           
     freq (   3-   3) =         65.9  [cm-1]   --> A_1  L_1           
     freq (   4-   4) =        507.6  [cm-1]   --> A_1  L_1           
     freq (   5-   6) =        508.1  [cm-1]   --> E    L_3           

     **********************************************************************

                    q=(   0.08750,   0.08750,   0.08750  )

     Mode symmetry, C_3v (3m)   point group:

     freq (   1-   2) =         27.2  [cm-1]   --> E    L_3           
     freq (   3-   3) =         76.9  [cm-1]   --> A_1  L_1           
     freq (   4-   4) =        507.0  [cm-1]   --> A_1  L_1           
     freq (   5-   6) =        507.7  [cm-1]   --> E    L_3           

     **********************************************************************

                    q=(   0.10000,   0.10000,   0.10000  )

     Mode symmetry, C_3v (3m)   point group:

     freq (   1-   2) =         31.0  [cm-1]   --> E    L_3           
     freq (   3-   3) =         87.8  [cm-1]   --> A_1  L_1           
     freq (   4-   4) =        506.2  [cm-1]   --> A_1  L_1           
     freq (   5-   6) =        507.2  [cm-1]   --> E    L_3           

     **********************************************************************

                    q=(   0.11250,   0.11250,   0.11250  )

     Mode symmetry, C_3v (3m)   point group:

     freq (   1-   2) =         34.8  [cm-1]   --> E    L_3           
     freq (   3-   3) =         98.6  [cm-1]   --> A_1  L_1           
     freq (   4-   4) =        505.4  [cm-1]   --> A_1  L_1           
     freq (   5-   6) =        506.7  [cm-1]   --> E    L_3           

     **********************************************************************

                    q=(   0.12500,   0.12500,   0.12500  )

     Mode symmetry, C_3v (3m)   point group:

     freq (   1-   2) =         38.5  [cm-1]   --> E    L_3           
     freq (   3-   3) =        109.5  [cm-1]   --> A_1  L_1           
     freq (   4-   4) =        504.4  [cm-1]   --> A_1  L_1           
     freq (   5-   6) =        506.1  [cm-1]   --> E    L_3           

     **********************************************************************

                    q=(   0.13750,   0.13750,   0.13750  )

     Mode symmetry, C_3v (3m)   point group:

     freq (   1-   2) =         42.2  [cm-1]   --> E    L_3           
     freq (   3-   3) =        120.3  [cm-1]   --> A_1  L_1           
     freq (   4-   4) =        503.4  [cm-1]   --> A_1  L_1           
     freq (   5-   6) =        505.5  [cm-1]   --> E    L_3           

     **********************************************************************

                    q=(   0.15000,   0.15000,   0.15000  )

     Mode symmetry, C_3v (3m)   point group:

     freq (   1-   2) =         45.9  [cm-1]   --> E    L_3           
     freq (   3-   3) =        131.1  [cm-1]   --> A_1  L_1           
     freq (   4-   4) =        502.1  [cm-1]   --> A_1  L_1           
     freq (   5-   6) =        504.8  [cm-1]   --> E    L_3           

     **********************************************************************

                    q=(   0.16250,   0.16250,   0.16250  )

     Mode symmetry, C_3v (3m)   point group:

     freq (   1-   2) =         49.5  [cm-1]   --> E    L_3           
     freq (   3-   3) =        141.8  [cm-1]   --> A_1  L_1           
     freq (   4-   4) =        500.8  [cm-1]   --> A_1  L_1           
     freq (   5-   6) =        504.1  [cm-1]   --> E    L_3           

     **********************************************************************

                    q=(   0.17500,   0.17500,   0.17500  )

     Mode symmetry, C_3v (3m)   point group:

     freq (   1-   2) =         53.1  [cm-1]   --> E    L_3           
     freq (   3-   3) =        152.4  [cm-1]   --> A_1  L_1           
     freq (   4-   4) =        499.3  [cm-1]   --> A_1  L_1           
     freq (   5-   6) =        503.3  [cm-1]   --> E    L_3           

     **********************************************************************

                    q=(   0.18750,   0.18750,   0.18750  )

     Mode symmetry, C_3v (3m)   point group:

     freq (   1-   2) =         56.6  [cm-1]   --> E    L_3           
     freq (   3-   3) =        163.0  [cm-1]   --> A_1  L_1           
     freq (   4-   4) =        497.7  [cm-1]   --> A_1  L_1           
     freq (   5-   6) =        502.5  [cm-1]   --> E    L_3           

     **********************************************************************

                    q=(   0.20000,   0.20000,   0.20000  )

     Mode symmetry, C_3v (3m)   point group:

     freq (   1-   2) =         60.1  [cm-1]   --> E    L_3           
     freq (   3-   3) =        173.6  [cm-1]   --> A_1  L_1           
     freq (   4-   4) =        495.9  [cm-1]   --> A_1  L_1           
     freq (   5-   6) =        501.7  [cm-1]   --> E    L_3           

     **********************************************************************

                    q=(   0.21250,   0.21250,   0.21250  )

     Mode symmetry, C_3v (3m)   point group:

     freq (   1-   2) =         63.4  [cm-1]   --> E    L_3           
     freq (   3-   3) =        184.0  [cm-1]   --> A_1  L_1           
     freq (   4-   4) =        494.0  [cm-1]   --> A_1  L_1           
     freq (   5-   6) =        500.8  [cm-1]   --> E    L_3           

     **********************************************************************

                    q=(   0.22500,   0.22500,   0.22500  )

     Mode symmetry, C_3v (3m)   point group:

     freq (   1-   2) =         66.7  [cm-1]   --> E    L_3           
     freq (   3-   3) =        194.4  [cm-1]   --> A_1  L_1           
     freq (   4-   4) =        491.9  [cm-1]   --> A_1  L_1           
     freq (   5-   6) =        499.9  [cm-1]   --> E    L_3           

     **********************************************************************

                    q=(   0.23750,   0.23750,   0.23750  )

     Mode symmetry, C_3v (3m)   point group:

     freq (   1-   2) =         70.0  [cm-1]   --> E    L_3           
     freq (   3-   3) =        204.7  [cm-1]   --> A_1  L_1           
     freq (   4-   4) =        489.7  [cm-1]   --> A_1  L_1           
     freq (   5-   6) =        499.0  [cm-1]   --> E    L_3           

     **********************************************************************

                    q=(   0.25000,   0.25000,   0.25000  )

     Mode symmetry, C_3v (3m)   point group:

     freq (   1-   2) =         73.1  [cm-1]   --> E    L_3           
     freq (   3-   3) =        214.9  [cm-1]   --> A_1  L_1           
     freq (   4-   4) =        487.2  [cm-1]   --> A_1  L_1           
     freq (   5-   6) =        498.1  [cm-1]   --> E    L_3           

     **********************************************************************

                    q=(   0.26250,   0.26250,   0.26250  )

     Mode symmetry, C_3v (3m)   point group:

     freq (   1-   2) =         76.2  [cm-1]   --> E    L_3           
     freq (   3-   3) =        225.0  [cm-1]   --> A_1  L_1           
     freq (   4-   4) =        484.6  [cm-1]   --> A_1  L_1           
     freq (   5-   6) =        497.2  [cm-1]   --> E    L_3           

     **********************************************************************

                    q=(   0.27500,   0.27500,   0.27500  )

     Mode symmetry, C_3v (3m)   point group:

     freq (   1-   2) =         79.1  [cm-1]   --> E    L_3           
     freq (   3-   3) =        235.0  [cm-1]   --> A_1  L_1           
     freq (   4-   4) =        481.8  [cm-1]   --> A_1  L_1           
     freq (   5-   6) =        496.2  [cm-1]   --> E    L_3           

     **********************************************************************

                    q=(   0.28750,   0.28750,   0.28750  )

     Mode symmetry, C_3v (3m)   point group:

     freq (   1-   2) =         82.0  [cm-1]   --> E    L_3           
     freq (   3-   3) =        244.8  [cm-1]   --> A_1  L_1           
     freq (   4-   4) =        478.8  [cm-1]   --> A_1  L_1           
     freq (   5-   6) =        495.3  [cm-1]   --> E    L_3           

     **********************************************************************

                    q=(   0.30000,   0.30000,   0.30000  )

     Mode symmetry, C_3v (3m)   point group:

     freq (   1-   2) =         84.7  [cm-1]   --> E    L_3           
     freq (   3-   3) =        254.6  [cm-1]   --> A_1  L_1           
     freq (   4-   4) =        475.6  [cm-1]   --> A_1  L_1           
     freq (   5-   6) =        494.4  [cm-1]   --> E    L_3           

     **********************************************************************

                    q=(   0.31250,   0.31250,   0.31250  )

     Mode symmetry, C_3v (3m)   point group:

     freq (   1-   2) =         87.3  [cm-1]   --> E    L_3           
     freq (   3-   3) =        264.2  [cm-1]   --> A_1  L_1           
     freq (   4-   4) =        472.3  [cm-1]   --> A_1  L_1           
     freq (   5-   6) =        493.5  [cm-1]   --> E    L_3           

     **********************************************************************

                    q=(   0.32500,   0.32500,   0.32500  )

     Mode symmetry, C_3v (3m)   point group:

     freq (   1-   2) =         89.8  [cm-1]   --> E    L_3           
     freq (   3-   3) =        273.6  [cm-1]   --> A_1  L_1           
     freq (   4-   4) =        468.7  [cm-1]   --> A_1  L_1           
     freq (   5-   6) =        492.6  [cm-1]   --> E    L_3           

     **********************************************************************

                    q=(   0.33750,   0.33750,   0.33750  )

     Mode symmetry, C_3v (3m)   point group:

     freq (   1-   2) =         92.1  [cm-1]   --> E    L_3           
     freq (   3-   3) =        282.9  [cm-1]   --> A_1  L_1           
     freq (   4-   4) =        464.9  [cm-1]   --> A_1  L_1           
     freq (   5-   6) =        491.8  [cm-1]   --> E    L_3           

     **********************************************************************

                    q=(   0.35000,   0.35000,   0.35000  )

     Mode symmetry, C_3v (3m)   point group:

     freq (   1-   2) =         94.3  [cm-1]   --> E    L_3           
     freq (   3-   3) =        292.0  [cm-1]   --> A_1  L_1           
     freq (   4-   4) =        461.0  [cm-1]   --> A_1  L_1           
     freq (   5-   6) =        491.0  [cm-1]   --> E    L_3           

     **********************************************************************

                    q=(   0.36250,   0.36250,   0.36250  )

     Mode symmetry, C_3v (3m)   point group:

     freq (   1-   2) =         96.4  [cm-1]   --> E    L_3           
     freq (   3-   3) =        301.0  [cm-1]   --> A_1  L_1           
     freq (   4-   4) =        456.8  [cm-1]   --> A_1  L_1           
     freq (   5-   6) =        490.2  [cm-1]   --> E    L_3           

     **********************************************************************

                    q=(   0.37500,   0.37500,   0.37500  )

     Mode symmetry, C_3v (3m)   point group:

     freq (   1-   2) =         98.3  [cm-1]   --> E    L_3           
     freq (   3-   3) =        309.8  [cm-1]   --> A_1  L_1           
     freq (   4-   4) =        452.5  [cm-1]   --> A_1  L_1           
     freq (   5-   6) =        489.5  [cm-1]   --> E    L_3           

     **********************************************************************

                    q=(   0.38750,   0.38750,   0.38750  )

     Mode symmetry, C_3v (3m)   point group:

     freq (   1-   2) =        100.0  [cm-1]   --> E    L_3           
     freq (   3-   3) =        318.3  [cm-1]   --> A_1  L_1           
     freq (   4-   4) =        447.9  [cm-1]   --> A_1  L_1           
     freq (   5-   6) =        488.8  [cm-1]   --> E    L_3           

     **********************************************************************

                    q=(   0.40000,   0.40000,   0.40000  )

     Mode symmetry, C_3v (3m)   point group:

     freq (   1-   2) =        101.6  [cm-1]   --> E    L_3           
     freq (   3-   3) =        326.6  [cm-1]   --> A_1  L_1           
     freq (   4-   4) =        443.2  [cm-1]   --> A_1  L_1           
     freq (   5-   6) =        488.2  [cm-1]   --> E    L_3           

     **********************************************************************

                    q=(   0.41250,   0.41250,   0.41250  )

     Mode symmetry, C_3v (3m)   point group:

     freq (   1-   2) =        103.0  [cm-1]   --> E    L_3           
     freq (   3-   3) =        334.7  [cm-1]   --> A_1  L_1           
     freq (   4-   4) =        438.4  [cm-1]   --> A_1  L_1           
     freq (   5-   6) =        487.6  [cm-1]   --> E    L_3           

     **********************************************************************

                    q=(   0.42500,   0.42500,   0.42500  )

     Mode symmetry, C_3v (3m)   point group:

     freq (   1-   2) =        104.2  [cm-1]   --> E    L_3           
     freq (   3-   3) =        342.4  [cm-1]   --> A_1  L_1           
     freq (   4-   4) =        433.5  [cm-1]   --> A_1  L_1           
     freq (   5-   6) =        487.1  [cm-1]   --> E    L_3           

     **********************************************************************

                    q=(   0.43750,   0.43750,   0.43750  )

     Mode symmetry, C_3v (3m)   point group:

     freq (   1-   2) =        105.3  [cm-1]   --> E    L_3           
     freq (   3-   3) =        349.8  [cm-1]   --> A_1  L_1           
     freq (   4-   4) =        428.5  [cm-1]   --> A_1  L_1           
     freq (   5-   6) =        486.7  [cm-1]   --> E    L_3           

     **********************************************************************

                    q=(   0.45000,   0.45000,   0.45000  )

     Mode symmetry, C_3v (3m)   point group:

     freq (   1-   2) =        106.1  [cm-1]   --> E    L_3           
     freq (   3-   3) =        356.7  [cm-1]   --> A_1  L_1           
     freq (   4-   4) =        423.5  [cm-1]   --> A_1  L_1           
     freq (   5-   6) =        486.4  [cm-1]   --> E    L_3           

     **********************************************************************

                    q=(   0.46250,   0.46250,   0.46250  )

     Mode symmetry, C_3v (3m)   point group:

     freq (   1-   2) =        106.8  [cm-1]   --> E    L_3           
     freq (   3-   3) =        362.9  [cm-1]   --> A_1  L_1           
     freq (   4-   4) =        418.8  [cm-1]   --> A_1  L_1           
     freq (   5-   6) =        486.1  [cm-1]   --> E    L_3           

     **********************************************************************

                    q=(   0.47500,   0.47500,   0.47500  )

     Mode symmetry, C_3v (3m)   point group:

     freq (   1-   2) =        107.3  [cm-1]   --> E    L_3           
     freq (   3-   3) =        368.1  [cm-1]   --> A_1  L_1           
     freq (   4-   4) =        414.7  [cm-1]   --> A_1  L_1           
     freq (   5-   6) =        485.9  [cm-1]   --> E    L_3           

     **********************************************************************

                    q=(   0.48750,   0.48750,   0.48750  )

     Mode symmetry, C_3v (3m)   point group:

     freq (   1-   2) =        107.6  [cm-1]   --> E    L_3           
     freq (   3-   3) =        371.8  [cm-1]   --> A_1  L_1           
     freq (   4-   4) =        411.6  [cm-1]   --> A_1  L_1           
     freq (   5-   6) =        485.8  [cm-1]   --> E    L_3           

     **********************************************************************

                    q=(   0.50000,   0.50000,   0.50000  )

     Zone border point and nonsymmorphic operations. Using
     the irreducible reprepresentations of the point group
     number 120  D_3d (-3m)

     Mode symmetry:

     freq (  1 -  2) =        107.7  [cm-1]   --> E_g     E_1g
     freq (  3 -  3) =        373.2  [cm-1]   --> A_2u
     freq (  4 -  4) =        410.5  [cm-1]   --> A_1g
     freq (  5 -  6) =        485.7  [cm-1]   --> E_u     E_1u

     **********************************************************************

                    q=(   0.50000,   0.51250,   0.48750  )

     Zone border point and nonsymmorphic operations. Using
     the irreducible reprepresentations of the point group
     number  10  C_2  (2)

     Mode symmetry:

     freq (  1 -  1) =        107.7  [cm-1]   --> A
     freq (  2 -  2) =        108.0  [cm-1]   --> B
     freq (  3 -  3) =        373.1  [cm-1]   --> B
     freq (  4 -  4) =        410.5  [cm-1]   --> A
     freq (  5 -  5) =        485.7  [cm-1]   --> B
     freq (  6 -  6) =        485.7  [cm-1]   --> A

     **********************************************************************

                    q=(   0.50000,   0.52500,   0.47500  )

     Zone border point and nonsymmorphic operations. Using
     the irreducible reprepresentations of the point group
     number  10  C_2  (2)

     Mode symmetry:

     freq (  1 -  1) =        107.8  [cm-1]   --> A
     freq (  2 -  2) =        109.1  [cm-1]   --> B
     freq (  3 -  3) =        372.9  [cm-1]   --> B
     freq (  4 -  4) =        410.4  [cm-1]   --> A
     freq (  5 -  5) =        485.6  [cm-1]   --> B
     freq (  6 -  6) =        485.7  [cm-1]   --> A

     **********************************************************************

                    q=(   0.50000,   0.53750,   0.46250  )

     Zone border point and nonsymmorphic operations. Using
     the irreducible reprepresentations of the point group
     number  10  C_2  (2)

     Mode symmetry:

     freq (  1 -  1) =        108.0  [cm-1]   --> A
     freq (  2 -  2) =        110.9  [cm-1]   --> B
     freq (  3 -  3) =        372.6  [cm-1]   --> B
     freq (  4 -  4) =        410.3  [cm-1]   --> A
     freq (  5 -  5) =        485.5  [cm-1]   --> B
     freq (  6 -  6) =        485.7  [cm-1]   --> A

     **********************************************************************

                    q=(   0.50000,   0.55000,   0.45000  )

     Zone border point and nonsymmorphic operations. Using
     the irreducible reprepresentations of the point group
     number  10  C_2  (2)

     Mode symmetry:

     freq (  1 -  1) =        108.2  [cm-1]   --> A
     freq (  2 -  2) =        113.3  [cm-1]   --> B
     freq (  3 -  3) =        372.2  [cm-1]   --> B
     freq (  4 -  4) =        410.2  [cm-1]   --> A
     freq (  5 -  5) =        485.3  [cm-1]   --> B
     freq (  6 -  6) =        485.6  [cm-1]   --> A

     **********************************************************************

                    q=(   0.50000,   0.56250,   0.43750  )

     Zone border point and nonsymmorphic operations. Using
     the irreducible reprepresentations of the point group
     number  10  C_2  (2)

     Mode symmetry:

     freq (  1 -  1) =        108.5  [cm-1]   --> A
     freq (  2 -  2) =        116.2  [cm-1]   --> B
     freq (  3 -  3) =        371.7  [cm-1]   --> B
     freq (  4 -  4) =        410.0  [cm-1]   --> A
     freq (  5 -  5) =        485.0  [cm-1]   --> B
     freq (  6 -  6) =        485.5  [cm-1]   --> A

     **********************************************************************

                    q=(   0.50000,   0.57500,   0.42500  )

     Zone border point and nonsymmorphic operations. Using
     the irreducible reprepresentations of the point group
     number  10  C_2  (2)

     Mode symmetry:

     freq (  1 -  1) =        108.9  [cm-1]   --> A
     freq (  2 -  2) =        119.7  [cm-1]   --> B
     freq (  3 -  3) =        371.1  [cm-1]   --> B
     freq (  4 -  4) =        409.8  [cm-1]   --> A
     freq (  5 -  5) =        484.8  [cm-1]   --> B
     freq (  6 -  6) =        485.4  [cm-1]   --> A

     **********************************************************************

                    q=(   0.50000,   0.58750,   0.41250  )

     Zone border point and nonsymmorphic operations. Using
     the irreducible reprepresentations of the point group
     number  10  C_2  (2)

     Mode symmetry:

     freq (  1 -  1) =        109.4  [cm-1]   --> A
     freq (  2 -  2) =        123.7  [cm-1]   --> B
     freq (  3 -  3) =        370.3  [cm-1]   --> B
     freq (  4 -  4) =        409.6  [cm-1]   --> A
     freq (  5 -  5) =        484.4  [cm-1]   --> B
     freq (  6 -  6) =        485.3  [cm-1]   --> A

     **********************************************************************

                    q=(   0.50000,   0.60000,   0.40000  )

     Zone border point and nonsymmorphic operations. Using
     the irreducible reprepresentations of the point group
     number  10  C_2  (2)

     Mode symmetry:

     freq (  1 -  1) =        110.0  [cm-1]   --> A
     freq (  2 -  2) =        128.0  [cm-1]   --> B
     freq (  3 -  3) =        369.5  [cm-1]   --> B
     freq (  4 -  4) =        409.4  [cm-1]   --> A
     freq (  5 -  5) =        484.0  [cm-1]   --> B
     freq (  6 -  6) =        485.1  [cm-1]   --> A

     **********************************************************************

                    q=(   0.50000,   0.61250,   0.38750  )

     Zone border point and nonsymmorphic operations. Using
     the irreducible reprepresentations of the point group
     number  10  C_2  (2)

     Mode symmetry:

     freq (  1 -  1) =        110.7  [cm-1]   --> A
     freq (  2 -  2) =        132.7  [cm-1]   --> B
     freq (  3 -  3) =        368.5  [cm-1]   --> B
     freq (  4 -  4) =        409.1  [cm-1]   --> A
     freq (  5 -  5) =        483.6  [cm-1]   --> B
     freq (  6 -  6) =        484.9  [cm-1]   --> A

     **********************************************************************

                    q=(   0.50000,   0.62500,   0.37500  )

     Zone border point and nonsymmorphic operations. Using
     the irreducible reprepresentations of the point group
     number  10  C_2  (2)

     Mode symmetry:

     freq (  1 -  1) =        111.4  [cm-1]   --> A
     freq (  2 -  2) =        137.6  [cm-1]   --> B
     freq (  3 -  3) =        367.5  [cm-1]   --> B
     freq (  4 -  4) =        408.7  [cm-1]   --> A
     freq (  5 -  5) =        483.1  [cm-1]   --> B
     freq (  6 -  6) =        484.7  [cm-1]   --> A

     **********************************************************************

                    q=(   0.50000,   0.63750,   0.36250  )

     Zone border point and nonsymmorphic operations. Using
     the irreducible reprepresentations of the point group
     number  10  C_2  (2)

     Mode symmetry:

     freq (  1 -  1) =        112.3  [cm-1]   --> A
     freq (  2 -  2) =        142.7  [cm-1]   --> B
     freq (  3 -  3) =        366.4  [cm-1]   --> B
     freq (  4 -  4) =        408.4  [cm-1]   --> A
     freq (  5 -  5) =        482.6  [cm-1]   --> B
     freq (  6 -  6) =        484.5  [cm-1]   --> A

     **********************************************************************

                    q=(   0.50000,   0.65000,   0.35000  )

     Zone border point and nonsymmorphic operations. Using
     the irreducible reprepresentations of the point group
     number  10  C_2  (2)

     Mode symmetry:

     freq (  1 -  1) =        113.3  [cm-1]   --> A
     freq (  2 -  2) =        147.9  [cm-1]   --> B
     freq (  3 -  3) =        365.2  [cm-1]   --> B
     freq (  4 -  4) =        408.0  [cm-1]   --> A
     freq (  5 -  5) =        482.1  [cm-1]   --> B
     freq (  6 -  6) =        484.2  [cm-1]   --> A

     **********************************************************************

                    q=(   0.50000,   0.66250,   0.33750  )

     Zone border point and nonsymmorphic operations. Using
     the irreducible reprepresentations of the point group
     number  10  C_2  (2)

     Mode symmetry:

     freq (  1 -  1) =        114.4  [cm-1]   --> A
     freq (  2 -  2) =        153.3  [cm-1]   --> B
     freq (  3 -  3) =        364.0  [cm-1]   --> B
     freq (  4 -  4) =        407.6  [cm-1]   --> A
     freq (  5 -  5) =        481.5  [cm-1]   --> B
     freq (  6 -  6) =        483.9  [cm-1]   --> A

     **********************************************************************

                    q=(   0.50000,   0.67500,   0.32500  )

     Zone border point and nonsymmorphic operations. Using
     the irreducible reprepresentations of the point group
     number  10  C_2  (2)

     Mode symmetry:

     freq (  1 -  1) =        115.7  [cm-1]   --> A
     freq (  2 -  2) =        158.6  [cm-1]   --> B
     freq (  3 -  3) =        362.8  [cm-1]   --> B
     freq (  4 -  4) =        407.1  [cm-1]   --> A
     freq (  5 -  5) =        480.9  [cm-1]   --> B
     freq (  6 -  6) =        483.6  [cm-1]   --> A

     **********************************************************************

                    q=(   0.50000,   0.68750,   0.31250  )

     Zone border point and nonsymmorphic operations. Using
     the irreducible reprepresentations of the point group
     number  10  C_2  (2)

     Mode symmetry:

     freq (  1 -  1) =        117.1  [cm-1]   --> A
     freq (  2 -  2) =        163.9  [cm-1]   --> B
     freq (  3 -  3) =        361.5  [cm-1]   --> B
     freq (  4 -  4) =        406.6  [cm-1]   --> A
     freq (  5 -  5) =        480.3  [cm-1]   --> B
     freq (  6 -  6) =        483.2  [cm-1]   --> A

     **********************************************************************

                    q=(   0.50000,   0.70000,   0.30000  )

     Zone border point and nonsymmorphic operations. Using
     the irreducible reprepresentations of the point group
     number  10  C_2  (2)

     Mode symmetry:

     freq (  1 -  1) =        118.6  [cm-1]   --> A
     freq (  2 -  2) =        169.1  [cm-1]   --> B
     freq (  3 -  3) =        360.2  [cm-1]   --> B
     freq (  4 -  4) =        406.1  [cm-1]   --> A
     freq (  5 -  5) =        479.6  [cm-1]   --> B
     freq (  6 -  6) =        482.8  [cm-1]   --> A

     **********************************************************************

                    q=(   0.50000,   0.71250,   0.28750  )

     Zone border point and nonsymmorphic operations. Using
     the irreducible reprepresentations of the point group
     number  10  C_2  (2)

     Mode symmetry:

     freq (  1 -  1) =        120.3  [cm-1]   --> A
     freq (  2 -  2) =        174.2  [cm-1]   --> B
     freq (  3 -  3) =        359.0  [cm-1]   --> B
     freq (  4 -  4) =        405.6  [cm-1]   --> A
     freq (  5 -  5) =        479.0  [cm-1]   --> B
     freq (  6 -  6) =        482.3  [cm-1]   --> A

     **********************************************************************

                    q=(   0.50000,   0.72500,   0.27500  )

     Zone border point and nonsymmorphic operations. Using
     the irreducible reprepresentations of the point group
     number  10  C_2  (2)

     Mode symmetry:

     freq (  1 -  1) =        122.1  [cm-1]   --> A
     freq (  2 -  2) =        179.1  [cm-1]   --> B
     freq (  3 -  3) =        357.8  [cm-1]   --> B
     freq (  4 -  4) =        405.0  [cm-1]   --> A
     freq (  5 -  5) =        478.3  [cm-1]   --> B
     freq (  6 -  6) =        481.9  [cm-1]   --> A

     **********************************************************************

                    q=(   0.50000,   0.73750,   0.26250  )

     Zone border point and nonsymmorphic operations. Using
     the irreducible reprepresentations of the point group
     number  10  C_2  (2)

     Mode symmetry:

     freq (  1 -  1) =        124.1  [cm-1]   --> A
     freq (  2 -  2) =        183.9  [cm-1]   --> B
     freq (  3 -  3) =        356.6  [cm-1]   --> B
     freq (  4 -  4) =        404.4  [cm-1]   --> A
     freq (  5 -  5) =        477.6  [cm-1]   --> B
     freq (  6 -  6) =        481.3  [cm-1]   --> A

     **********************************************************************

                    q=(   0.50000,   0.75000,   0.25000  )

     Zone border point and nonsymmorphic operations. Using
     the irreducible reprepresentations of the point group
     number  10  C_2  (2)

     Mode symmetry:

     freq (  1 -  1) =        126.2  [cm-1]   --> A
     freq (  2 -  2) =        188.3  [cm-1]   --> B
     freq (  3 -  3) =        355.6  [cm-1]   --> B
     freq (  4 -  4) =        403.7  [cm-1]   --> A
     freq (  5 -  5) =        477.0  [cm-1]   --> B
     freq (  6 -  6) =        480.8  [cm-1]   --> A

     **********************************************************************

                    q=(   0.50000,   0.76250,   0.23750  )

     Zone border point and nonsymmorphic operations. Using
     the irreducible reprepresentations of the point group
     number  10  C_2  (2)

     Mode symmetry:

     freq (  1 -  1) =        128.5  [cm-1]   --> A
     freq (  2 -  2) =        192.5  [cm-1]   --> B
     freq (  3 -  3) =        354.6  [cm-1]   --> B
     freq (  4 -  4) =        403.0  [cm-1]   --> A
     freq (  5 -  5) =        476.3  [cm-1]   --> B
     freq (  6 -  6) =        480.2  [cm-1]   --> A

     **********************************************************************

                    q=(   0.50000,   0.77500,   0.22500  )

     Zone border point and nonsymmorphic operations. Using
     the irreducible reprepresentations of the point group
     number  10  C_2  (2)

     Mode symmetry:

     freq (  1 -  1) =        130.9  [cm-1]   --> A
     freq (  2 -  2) =        196.3  [cm-1]   --> B
     freq (  3 -  3) =        353.8  [cm-1]   --> B
     freq (  4 -  4) =        402.3  [cm-1]   --> A
     freq (  5 -  5) =        475.6  [cm-1]   --> B
     freq (  6 -  6) =        479.6  [cm-1]   --> A

     **********************************************************************

                    q=(   0.50000,   0.78750,   0.21250  )

     Zone border point and nonsymmorphic operations. Using
     the irreducible reprepresentations of the point group
     number  10  C_2  (2)

     Mode symmetry:

     freq (  1 -  1) =        133.5  [cm-1]   --> A
     freq (  2 -  2) =        199.7  [cm-1]   --> B
     freq (  3 -  3) =        353.3  [cm-1]   --> B
     freq (  4 -  4) =        401.5  [cm-1]   --> A
     freq (  5 -  5) =        475.0  [cm-1]   --> B
     freq (  6 -  6) =        479.0  [cm-1]   --> A

     **********************************************************************

                    q=(   0.50000,   0.80000,   0.20000  )

     Zone border point and nonsymmorphic operations. Using
     the irreducible reprepresentations of the point group
     number  10  C_2  (2)

     Mode symmetry:

     freq (  1 -  1) =        136.2  [cm-1]   --> A
     freq (  2 -  2) =        202.7  [cm-1]   --> B
     freq (  3 -  3) =        352.9  [cm-1]   --> B
     freq (  4 -  4) =        400.6  [cm-1]   --> A
     freq (  5 -  5) =        474.4  [cm-1]   --> B
     freq (  6 -  6) =        478.3  [cm-1]   --> A

     **********************************************************************

                    q=(   0.50000,   0.81250,   0.18750  )

     Zone border point and nonsymmorphic operations. Using
     the irreducible reprepresentations of the point group
     number  10  C_2  (2)

     Mode symmetry:

     freq (  1 -  1) =        139.0  [cm-1]   --> A
     freq (  2 -  2) =        205.2  [cm-1]   --> B
     freq (  3 -  3) =        352.7  [cm-1]   --> B
     freq (  4 -  4) =        399.7  [cm-1]   --> A
     freq (  5 -  5) =        473.7  [cm-1]   --> B
     freq (  6 -  6) =        477.6  [cm-1]   --> A

     **********************************************************************

                    q=(   0.50000,   0.82500,   0.17500  )

     Zone border point and nonsymmorphic operations. Using
     the irreducible reprepresentations of the point group
     number  10  C_2  (2)

     Mode symmetry:

     freq (  1 -  1) =        142.0  [cm-1]   --> A
     freq (  2 -  2) =        207.3  [cm-1]   --> B
     freq (  3 -  3) =        352.8  [cm-1]   --> B
     freq (  4 -  4) =        398.7  [cm-1]   --> A
     freq (  5 -  5) =        473.1  [cm-1]   --> B
     freq (  6 -  6) =        476.9  [cm-1]   --> A

     **********************************************************************

                    q=(   0.50000,   0.83750,   0.16250  )

     Zone border point and nonsymmorphic operations. Using
     the irreducible reprepresentations of the point group
     number  10  C_2  (2)

     Mode symmetry:

     freq (  1 -  1) =        145.1  [cm-1]   --> A
     freq (  2 -  2) =        208.8  [cm-1]   --> B
     freq (  3 -  3) =        353.2  [cm-1]   --> B
     freq (  4 -  4) =        397.7  [cm-1]   --> A
     freq (  5 -  5) =        472.6  [cm-1]   --> B
     freq (  6 -  6) =        476.2  [cm-1]   --> A

     **********************************************************************

                    q=(   0.50000,   0.85000,   0.15000  )

     Zone border point and nonsymmorphic operations. Using
     the irreducible reprepresentations of the point group
     number  10  C_2  (2)

     Mode symmetry:

     freq (  1 -  1) =        148.3  [cm-1]   --> A
     freq (  2 -  2) =        209.9  [cm-1]   --> B
     freq (  3 -  3) =        353.8  [cm-1]   --> B
     freq (  4 -  4) =        396.5  [cm-1]   --> A
     freq (  5 -  5) =        472.1  [cm-1]   --> B
     freq (  6 -  6) =        475.5  [cm-1]   --> A

     **********************************************************************

                    q=(   0.50000,   0.86250,   0.13750  )

     Zone border point and nonsymmorphic operations. Using
     the irreducible reprepresentations of the point group
     number  10  C_2  (2)

     Mode symmetry:

     freq (  1 -  1) =        151.6  [cm-1]   --> A
     freq (  2 -  2) =        210.4  [cm-1]   --> B
     freq (  3 -  3) =        354.8  [cm-1]   --> B
     freq (  4 -  4) =        395.3  [cm-1]   --> A
     freq (  5 -  5) =        471.6  [cm-1]   --> B
     freq (  6 -  6) =        474.8  [cm-1]   --> A

     **********************************************************************

                    q=(   0.50000,   0.87500,   0.12500  )

     Zone border point and nonsymmorphic operations. Using
     the irreducible reprepresentations of the point group
     number  10  C_2  (2)

     Mode symmetry:

     freq (  1 -  1) =        155.0  [cm-1]   --> A
     freq (  2 -  2) =        210.5  [cm-1]   --> B
     freq (  3 -  3) =        355.9  [cm-1]   --> B
     freq (  4 -  4) =        394.0  [cm-1]   --> A
     freq (  5 -  5) =        471.1  [cm-1]   --> B
     freq (  6 -  6) =        474.2  [cm-1]   --> A

     **********************************************************************

                    q=(   0.50000,   0.88750,   0.11250  )

     Zone border point and nonsymmorphic operations. Using
     the irreducible reprepresentations of the point group
     number  10  C_2  (2)

     Mode symmetry:

     freq (  1 -  1) =        158.5  [cm-1]   --> A
     freq (  2 -  2) =        210.1  [cm-1]   --> B
     freq (  3 -  3) =        357.3  [cm-1]   --> B
     freq (  4 -  4) =        392.6  [cm-1]   --> A
     freq (  5 -  5) =        470.7  [cm-1]   --> B
     freq (  6 -  6) =        473.5  [cm-1]   --> A

     **********************************************************************

                    q=(   0.50000,   0.90000,   0.10000  )

     Zone border point and nonsymmorphic operations. Using
     the irreducible reprepresentations of the point group
     number  10  C_2  (2)

     Mode symmetry:

     freq (  1 -  1) =        162.1  [cm-1]   --> A
     freq (  2 -  2) =        209.2  [cm-1]   --> B
     freq (  3 -  3) =        359.0  [cm-1]   --> B
     freq (  4 -  4) =        391.2  [cm-1]   --> A
     freq (  5 -  5) =        470.3  [cm-1]   --> B
     freq (  6 -  6) =        472.9  [cm-1]   --> A

     **********************************************************************

                    q=(   0.50000,   0.91250,   0.08750  )

     Zone border point and nonsymmorphic operations. Using
     the irreducible reprepresentations of the point group
     number  10  C_2  (2)

     Mode symmetry:

     freq (  1 -  1) =        165.6  [cm-1]   --> A
     freq (  2 -  2) =        207.9  [cm-1]   --> B
     freq (  3 -  3) =        360.8  [cm-1]   --> B
     freq (  4 -  4) =        389.6  [cm-1]   --> A
     freq (  5 -  5) =        470.0  [cm-1]   --> B
     freq (  6 -  6) =        472.3  [cm-1]   --> A

     **********************************************************************

                    q=(   0.50000,   0.92500,   0.07500  )

     Zone border point and nonsymmorphic operations. Using
     the irreducible reprepresentations of the point group
     number  10  C_2  (2)

     Mode symmetry:

     freq (  1 -  1) =        169.2  [cm-1]   --> A
     freq (  2 -  2) =        206.3  [cm-1]   --> B
     freq (  3 -  3) =        362.7  [cm-1]   --> B
     freq (  4 -  4) =        387.9  [cm-1]   --> A
     freq (  5 -  5) =        469.8  [cm-1]   --> B
     freq (  6 -  6) =        471.7  [cm-1]   --> A

     **********************************************************************

                    q=(   0.50000,   0.93750,   0.06250  )

     Zone border point and nonsymmorphic operations. Using
     the irreducible reprepresentations of the point group
     number  10  C_2  (2)

     Mode symmetry:

     freq (  1 -  1) =        172.9  [cm-1]   --> A
     freq (  2 -  2) =        204.3  [cm-1]   --> B
     freq (  3 -  3) =        364.8  [cm-1]   --> B
     freq (  4 -  4) =        386.1  [cm-1]   --> A
     freq (  5 -  5) =        469.6  [cm-1]   --> B
     freq (  6 -  6) =        471.2  [cm-1]   --> A

     **********************************************************************

                    q=(   0.50000,   0.95000,   0.05000  )

     Zone border point and nonsymmorphic operations. Using
     the irreducible reprepresentations of the point group
     number  10  C_2  (2)

     Mode symmetry:

     freq (  1 -  1) =        176.5  [cm-1]   --> A
     freq (  2 -  2) =        201.9  [cm-1]   --> B
     freq (  3 -  3) =        367.0  [cm-1]   --> B
     freq (  4 -  4) =        384.2  [cm-1]   --> A
     freq (  5 -  5) =        469.5  [cm-1]   --> B
     freq (  6 -  6) =        470.8  [cm-1]   --> A

     **********************************************************************

                    q=(   0.50000,   0.96250,   0.03750  )

     Zone border point and nonsymmorphic operations. Using
     the irreducible reprepresentations of the point group
     number  10  C_2  (2)

     Mode symmetry:

     freq (  1 -  1) =        180.0  [cm-1]   --> A
     freq (  2 -  2) =        199.4  [cm-1]   --> B
     freq (  3 -  3) =        369.2  [cm-1]   --> B
     freq (  4 -  4) =        382.3  [cm-1]   --> A
     freq (  5 -  5) =        469.4  [cm-1]   --> B
     freq (  6 -  6) =        470.4  [cm-1]   --> A

     **********************************************************************

                    q=(   0.50000,   0.97500,   0.02500  )

     Zone border point and nonsymmorphic operations. Using
     the irreducible reprepresentations of the point group
     number  10  C_2  (2)

     Mode symmetry:

     freq (  1 -  1) =        183.6  [cm-1]   --> A
     freq (  2 -  2) =        196.5  [cm-1]   --> B
     freq (  3 -  3) =        371.4  [cm-1]   --> B
     freq (  4 -  4) =        380.2  [cm-1]   --> A
     freq (  5 -  5) =        469.4  [cm-1]   --> B
     freq (  6 -  6) =        470.1  [cm-1]   --> A

     **********************************************************************

                    q=(   0.50000,   0.98750,   0.01250  )

     Zone border point and nonsymmorphic operations. Using
     the irreducible reprepresentations of the point group
     number  10  C_2  (2)

     Mode symmetry:

     freq (  1 -  1) =        187.0  [cm-1]   --> A
     freq (  2 -  2) =        193.5  [cm-1]   --> B
     freq (  3 -  3) =        373.7  [cm-1]   --> B
     freq (  4 -  4) =        378.1  [cm-1]   --> A
     freq (  5 -  5) =        469.4  [cm-1]   --> B
     freq (  6 -  6) =        469.8  [cm-1]   --> A

     **********************************************************************

                    q=(   0.50000,   1.00000,   0.00000  )

     Zone border point and nonsymmorphic operations. Using
     the irreducible representations of the double point 
     group number 117  D_2d (-42m)

     Mode symmetry:

     freq (  1 -  2) =        190.3  [cm-1]   --> G_6     E_12
     freq (  3 -  4) =        375.9  [cm-1]   --> G_7     E_32
     freq (  5 -  6) =        469.6  [cm-1]   --> G_6     E_12

     **********************************************************************

                    q=(   0.47500,   1.00000,   0.00000  )

     Zone border point and nonsymmorphic operations. Using
     the irreducible representations of the double point 
     group number  54  C_2v (mm2)

     Mode symmetry:

     freq (  1 -  2) =        190.0  [cm-1]   --> G_5     E_12
     freq (  3 -  4) =        376.1  [cm-1]   --> G_5     E_12
     freq (  5 -  6) =        469.5  [cm-1]   --> G_5     E_12

     **********************************************************************

                    q=(   0.45000,   1.00000,   0.00000  )

     Zone border point and nonsymmorphic operations. Using
     the irreducible representations of the double point 
     group number  54  C_2v (mm2)

     Mode symmetry:

     freq (  1 -  2) =        189.1  [cm-1]   --> G_5     E_12
     freq (  3 -  4) =        376.7  [cm-1]   --> G_5     E_12
     freq (  5 -  6) =        469.4  [cm-1]   --> G_5     E_12

     **********************************************************************

                    q=(   0.42500,   1.00000,   0.00000  )

     Zone border point and nonsymmorphic operations. Using
     the irreducible representations of the double point 
     group number  54  C_2v (mm2)

     Mode symmetry:

     freq (  1 -  2) =        187.6  [cm-1]   --> G_5     E_12
     freq (  3 -  4) =        377.7  [cm-1]   --> G_5     E_12
     freq (  5 -  6) =        469.1  [cm-1]   --> G_5     E_12

     **********************************************************************

                    q=(   0.40000,   1.00000,   0.00000  )

     Zone border point and nonsymmorphic operations. Using
     the irreducible representations of the double point 
     group number  54  C_2v (mm2)

     Mode symmetry:

     freq (  1 -  2) =        185.6  [cm-1]   --> G_5     E_12
     freq (  3 -  4) =        379.0  [cm-1]   --> G_5     E_12
     freq (  5 -  6) =        468.7  [cm-1]   --> G_5     E_12

     **********************************************************************

                    q=(   0.37500,   1.00000,   0.00000  )

     Zone border point and nonsymmorphic operations. Using
     the irreducible representations of the double point 
     group number  54  C_2v (mm2)

     Mode symmetry:

     freq (  1 -  2) =        183.1  [cm-1]   --> G_5     E_12
     freq (  3 -  4) =        380.7  [cm-1]   --> G_5     E_12
     freq (  5 -  6) =        468.2  [cm-1]   --> G_5     E_12

     **********************************************************************

                    q=(   0.35000,   1.00000,   0.00000  )

     Zone border point and nonsymmorphic operations. Using
     the irreducible representations of the double point 
     group number  54  C_2v (mm2)

     Mode symmetry:

     freq (  1 -  2) =        180.2  [cm-1]   --> G_5     E_12
     freq (  3 -  4) =        382.6  [cm-1]   --> G_5     E_12
     freq (  5 -  6) =        467.6  [cm-1]   --> G_5     E_12

     **********************************************************************

                    q=(   0.32500,   1.00000,   0.00000  )

     Zone border point and nonsymmorphic operations. Using
     the irreducible representations of the double point 
     group number  54  C_2v (mm2)

     Mode symmetry:

     freq (  1 -  2) =        176.9  [cm-1]   --> G_5     E_12
     freq (  3 -  4) =        384.7  [cm-1]   --> G_5     E_12
     freq (  5 -  6) =        467.0  [cm-1]   --> G_5     E_12

     **********************************************************************

                    q=(   0.30000,   1.00000,   0.00000  )

     Zone border point and nonsymmorphic operations. Using
     the irreducible representations of the double point 
     group number  54  C_2v (mm2)

     Mode symmetry:

     freq (  1 -  2) =        173.4  [cm-1]   --> G_5     E_12
     freq (  3 -  4) =        387.0  [cm-1]   --> G_5     E_12
     freq (  5 -  6) =        466.2  [cm-1]   --> G_5     E_12

     **********************************************************************

                    q=(   0.27500,   1.00000,   0.00000  )

     Zone border point and nonsymmorphic operations. Using
     the irreducible representations of the double point 
     group number  54  C_2v (mm2)

     Mode symmetry:

     freq (  1 -  2) =        169.7  [cm-1]   --> G_5     E_12
     freq (  3 -  4) =        389.4  [cm-1]   --> G_5     E_12
     freq (  5 -  6) =        465.4  [cm-1]   --> G_5     E_12

     **********************************************************************

                    q=(   0.25000,   1.00000,   0.00000  )

     Zone border point and nonsymmorphic operations. Using
     the irreducible representations of the double point 
     group number  54  C_2v (mm2)

     Mode symmetry:

     freq (  1 -  2) =        166.0  [cm-1]   --> G_5     E_12
     freq (  3 -  4) =        391.8  [cm-1]   --> G_5     E_12
     freq (  5 -  6) =        464.5  [cm-1]   --> G_5     E_12

     **********************************************************************

                    q=(   0.22500,   1.00000,   0.00000  )

     Zone border point and nonsymmorphic operations. Using
     the irreducible representations of the double point 
     group number  54  C_2v (mm2)

     Mode symmetry:

     freq (  1 -  2) =        162.2  [cm-1]   --> G_5     E_12
     freq (  3 -  4) =        394.2  [cm-1]   --> G_5     E_12
     freq (  5 -  6) =        463.5  [cm-1]   --> G_5     E_12

     **********************************************************************

                    q=(   0.20000,   1.00000,   0.00000  )

     Zone border point and nonsymmorphic operations. Using
     the irreducible representations of the double point 
     group number  54  C_2v (mm2)

     Mode symmetry:

     freq (  1 -  2) =        158.5  [cm-1]   --> G_5     E_12
     freq (  3 -  4) =        396.6  [cm-1]   --> G_5     E_12
     freq (  5 -  6) =        462.6  [cm-1]   --> G_5     E_12

     **********************************************************************

                    q=(   0.17500,   1.00000,   0.00000  )

     Zone border point and nonsymmorphic operations. Using
     the irreducible representations of the double point 
     group number  54  C_2v (mm2)

     Mode symmetry:

     freq (  1 -  2) =        154.9  [cm-1]   --> G_5     E_12
     freq (  3 -  4) =        398.9  [cm-1]   --> G_5     E_12
     freq (  5 -  6) =        461.6  [cm-1]   --> G_5     E_12

     **********************************************************************

                    q=(   0.15000,   1.00000,   0.00000  )

     Zone border point and nonsymmorphic operations. Using
     the irreducible representations of the double point 
     group number  54  C_2v (mm2)

     Mode symmetry:

     freq (  1 -  2) =        151.7  [cm-1]   --> G_5     E_12
     freq (  3 -  4) =        401.1  [cm-1]   --> G_5     E_12
     freq (  5 -  6) =        460.7  [cm-1]   --> G_5     E_12

     **********************************************************************

                    q=(   0.12500,   1.00000,   0.00000  )

     Zone border point and nonsymmorphic operations. Using
     the irreducible representations of the double point 
     group number  54  C_2v (mm2)

     Mode symmetry:

     freq (  1 -  2) =        148.7  [cm-1]   --> G_5     E_12
     freq (  3 -  4) =        403.0  [cm-1]   --> G_5     E_12
     freq (  5 -  6) =        459.8  [cm-1]   --> G_5     E_12

     **********************************************************************

                    q=(   0.10000,   1.00000,   0.00000  )

     Zone border point and nonsymmorphic operations. Using
     the irreducible representations of the double point 
     group number  54  C_2v (mm2)

     Mode symmetry:

     freq (  1 -  2) =        146.2  [cm-1]   --> G_5     E_12
     freq (  3 -  4) =        404.7  [cm-1]   --> G_5     E_12
     freq (  5 -  6) =        459.0  [cm-1]   --> G_5     E_12

     **********************************************************************

                    q=(   0.07500,   1.00000,   0.00000  )

     Zone border point and nonsymmorphic operations. Using
     the irreducible representations of the double point 
     group number  54  C_2v (mm2)

     Mode symmetry:

     freq (  1 -  2) =        144.2  [cm-1]   --> G_5     E_12
     freq (  3 -  4) =        406.0  [cm-1]   --> G_5     E_12
     freq (  5 -  6) =        458.3  [cm-1]   --> G_5     E_12

     **********************************************************************

                    q=(   0.05000,   1.00000,   0.00000  )

     Zone border point and nonsymmorphic operations. Using
     the irreducible representations of the double point 
     group number  54  C_2v (mm2)

     Mode symmetry:

     freq (  1 -  2) =        142.7  [cm-1]   --> G_5     E_12
     freq (  3 -  4) =        407.0  [cm-1]   --> G_5     E_12
     freq (  5 -  6) =        457.8  [cm-1]   --> G_5     E_12

     **********************************************************************

                    q=(   0.02500,   1.00000,   0.00000  )

     Zone border point and nonsymmorphic operations. Using
     the irreducible representations of the double point 
     group number  54  C_2v (mm2)

     Mode symmetry:

     freq (  1 -  2) =        141.7  [cm-1]   --> G_5     E_12
     freq (  3 -  4) =        407.7  [cm-1]   --> G_5     E_12
     freq (  5 -  6) =        457.5  [cm-1]   --> G_5     E_12

     **********************************************************************

                    q=(   0.00000,   1.00000,   0.00000  )

     Zone border point and nonsymmorphic operations. Using
     the projective irreducible representations with beta=-1 and gamma=-1
     point group number 109  D_4h(4/mmm)

     Mode symmetry:

     freq (  1 -  2) =        141.4  [cm-1]   --> A_1B_2
     freq (  3 -  4) =        407.9  [cm-1]   --> E-x     E_1-x
     freq (  5 -  6) =        457.3  [cm-1]   --> A_2B_1

     **********************************************************************

                    q=(   0.50000,   0.50000,   0.50000  )

     Zone border point and nonsymmorphic operations. Using
     the irreducible reprepresentations of the point group
     number 120  D_3d (-3m)

     Mode symmetry:

     freq (  1 -  2) =        107.7  [cm-1]   --> E_g     E_1g
     freq (  3 -  3) =        373.2  [cm-1]   --> A_2u
     freq (  4 -  4) =        410.5  [cm-1]   --> A_1g
     freq (  5 -  6) =        485.7  [cm-1]   --> E_u     E_1u

     **********************************************************************

                    q=(   0.50625,   0.50625,   0.48750  )

     Using the point group C_s (m)     to classify the modes
     there are  2 classes
     the character table:

       E     s    
A'     1.00  1.00
A''    1.00 -1.00

     the symmetry operations in each class and the name of the first element:

     E        1
          identity                                               
     s        2
          inv. 180 deg rotation - cart. axis [1,-1,0]            

     Mode symmetry, C_s (m)     point group:

     freq (   1-   1) =        107.7  [cm-1]   --> A''                
     freq (   2-   2) =        107.9  [cm-1]   --> A'                 
     freq (   3-   3) =        373.1  [cm-1]   --> A'                 
     freq (   4-   4) =        410.5  [cm-1]   --> A'                 
     freq (   5-   5) =        485.7  [cm-1]   --> A''                
     freq (   6-   6) =        485.7  [cm-1]   --> A'                 

     **********************************************************************

                    q=(   0.51250,   0.51250,   0.47500  )

     Mode symmetry, C_s (m)     point group:

     freq (   1-   1) =        107.8  [cm-1]   --> A''                
     freq (   2-   2) =        108.8  [cm-1]   --> A'                 
     freq (   3-   3) =        373.0  [cm-1]   --> A'                 
     freq (   4-   4) =        410.4  [cm-1]   --> A'                 
     freq (   5-   5) =        485.7  [cm-1]   --> A''                
     freq (   6-   6) =        485.7  [cm-1]   --> A'                 

     **********************************************************************

                    q=(   0.51875,   0.51875,   0.46250  )

     Mode symmetry, C_s (m)     point group:

     freq (   1-   1) =        107.9  [cm-1]   --> A''                
     freq (   2-   2) =        110.1  [cm-1]   --> A'                 
     freq (   3-   3) =        372.8  [cm-1]   --> A'                 
     freq (   4-   4) =        410.4  [cm-1]   --> A'                 
     freq (   5-   5) =        485.5  [cm-1]   --> A''                
     freq (   6-   6) =        485.7  [cm-1]   --> A'                 

     **********************************************************************

                    q=(   0.52500,   0.52500,   0.45000  )

     Mode symmetry, C_s (m)     point group:

     freq (   1-   1) =        108.1  [cm-1]   --> A''                
     freq (   2-   2) =        111.9  [cm-1]   --> A'                 
     freq (   3-   3) =        372.5  [cm-1]   --> A'                 
     freq (   4-   4) =        410.3  [cm-1]   --> A'                 
     freq (   5-   5) =        485.4  [cm-1]   --> A''                
     freq (   6-   6) =        485.6  [cm-1]   --> A'                 

     **********************************************************************

                    q=(   0.53125,   0.53125,   0.43750  )

     Mode symmetry, C_s (m)     point group:

     freq (   1-   1) =        108.3  [cm-1]   --> A''                
     freq (   2-   2) =        114.2  [cm-1]   --> A'                 
     freq (   3-   3) =        372.1  [cm-1]   --> A'                 
     freq (   4-   4) =        410.2  [cm-1]   --> A'                 
     freq (   5-   5) =        485.2  [cm-1]   --> A''                
     freq (   6-   6) =        485.6  [cm-1]   --> A'                 

     **********************************************************************

                    q=(   0.53750,   0.53750,   0.42500  )

     Mode symmetry, C_s (m)     point group:

     freq (   1-   1) =        108.6  [cm-1]   --> A''                
     freq (   2-   2) =        116.9  [cm-1]   --> A'                 
     freq (   3-   3) =        371.6  [cm-1]   --> A'                 
     freq (   4-   4) =        410.0  [cm-1]   --> A'                 
     freq (   5-   5) =        485.0  [cm-1]   --> A''                
     freq (   6-   6) =        485.5  [cm-1]   --> A'                 

     **********************************************************************

                    q=(   0.54375,   0.54375,   0.41250  )

     Mode symmetry, C_s (m)     point group:

     freq (   1-   1) =        108.9  [cm-1]   --> A''                
     freq (   2-   2) =        120.0  [cm-1]   --> A'                 
     freq (   3-   3) =        371.0  [cm-1]   --> A'                 
     freq (   4-   4) =        409.8  [cm-1]   --> A'                 
     freq (   5-   5) =        484.7  [cm-1]   --> A''                
     freq (   6-   6) =        485.4  [cm-1]   --> A'                 

     **********************************************************************

                    q=(   0.55000,   0.55000,   0.40000  )

     Mode symmetry, C_s (m)     point group:

     freq (   1-   1) =        109.3  [cm-1]   --> A''                
     freq (   2-   2) =        123.5  [cm-1]   --> A'                 
     freq (   3-   3) =        370.4  [cm-1]   --> A'                 
     freq (   4-   4) =        409.6  [cm-1]   --> A'                 
     freq (   5-   5) =        484.4  [cm-1]   --> A''                
     freq (   6-   6) =        485.3  [cm-1]   --> A'                 

     **********************************************************************

                    q=(   0.55625,   0.55625,   0.38750  )

     Mode symmetry, C_s (m)     point group:

     freq (   1-   1) =        109.7  [cm-1]   --> A''                
     freq (   2-   2) =        127.3  [cm-1]   --> A'                 
     freq (   3-   3) =        369.6  [cm-1]   --> A'                 
     freq (   4-   4) =        409.4  [cm-1]   --> A'                 
     freq (   5-   5) =        484.1  [cm-1]   --> A''                
     freq (   6-   6) =        485.2  [cm-1]   --> A'                 

     **********************************************************************

                    q=(   0.56250,   0.56250,   0.37500  )

     Mode symmetry, C_s (m)     point group:

     freq (   1-   1) =        110.1  [cm-1]   --> A''                
     freq (   2-   2) =        131.3  [cm-1]   --> A'                 
     freq (   3-   3) =        368.9  [cm-1]   --> A'                 
     freq (   4-   4) =        409.2  [cm-1]   --> A'                 
     freq (   5-   5) =        483.7  [cm-1]   --> A''                
     freq (   6-   6) =        485.0  [cm-1]   --> A'                 

     **********************************************************************

                    q=(   0.56875,   0.56875,   0.36250  )

     Mode symmetry, C_s (m)     point group:

     freq (   1-   1) =        110.6  [cm-1]   --> A''                
     freq (   2-   2) =        135.6  [cm-1]   --> A'                 
     freq (   3-   3) =        368.0  [cm-1]   --> A'                 
     freq (   4-   4) =        408.9  [cm-1]   --> A'                 
     freq (   5-   5) =        483.3  [cm-1]   --> A''                
     freq (   6-   6) =        484.9  [cm-1]   --> A'                 

     **********************************************************************

                    q=(   0.57500,   0.57500,   0.35000  )

     Mode symmetry, C_s (m)     point group:

     freq (   1-   1) =        111.2  [cm-1]   --> A''                
     freq (   2-   2) =        140.1  [cm-1]   --> A'                 
     freq (   3-   3) =        367.1  [cm-1]   --> A'                 
     freq (   4-   4) =        408.6  [cm-1]   --> A'                 
     freq (   5-   5) =        482.8  [cm-1]   --> A''                
     freq (   6-   6) =        484.7  [cm-1]   --> A'                 

     **********************************************************************

                    q=(   0.58125,   0.58125,   0.33750  )

     Mode symmetry, C_s (m)     point group:

     freq (   1-   1) =        111.7  [cm-1]   --> A''                
     freq (   2-   2) =        144.7  [cm-1]   --> A'                 
     freq (   3-   3) =        366.1  [cm-1]   --> A'                 
     freq (   4-   4) =        408.3  [cm-1]   --> A'                 
     freq (   5-   5) =        482.4  [cm-1]   --> A''                
     freq (   6-   6) =        484.5  [cm-1]   --> A'                 

     **********************************************************************

                    q=(   0.58750,   0.58750,   0.32500  )

     Mode symmetry, C_s (m)     point group:

     freq (   1-   1) =        112.4  [cm-1]   --> A''                
     freq (   2-   2) =        149.4  [cm-1]   --> A'                 
     freq (   3-   3) =        365.1  [cm-1]   --> A'                 
     freq (   4-   4) =        407.9  [cm-1]   --> A'                 
     freq (   5-   5) =        481.9  [cm-1]   --> A''                
     freq (   6-   6) =        484.3  [cm-1]   --> A'                 

     **********************************************************************

                    q=(   0.59375,   0.59375,   0.31250  )

     Mode symmetry, C_s (m)     point group:

     freq (   1-   1) =        113.0  [cm-1]   --> A''                
     freq (   2-   2) =        154.2  [cm-1]   --> A'                 
     freq (   3-   3) =        364.0  [cm-1]   --> A'                 
     freq (   4-   4) =        407.6  [cm-1]   --> A'                 
     freq (   5-   5) =        481.3  [cm-1]   --> A''                
     freq (   6-   6) =        484.1  [cm-1]   --> A'                 

     **********************************************************************

                    q=(   0.60000,   0.60000,   0.30000  )

     Mode symmetry, C_s (m)     point group:

     freq (   1-   1) =        113.7  [cm-1]   --> A''                
     freq (   2-   2) =        159.1  [cm-1]   --> A'                 
     freq (   3-   3) =        363.0  [cm-1]   --> A'                 
     freq (   4-   4) =        407.2  [cm-1]   --> A'                 
     freq (   5-   5) =        480.8  [cm-1]   --> A''                
     freq (   6-   6) =        483.8  [cm-1]   --> A'                 

     **********************************************************************

                    q=(   0.60625,   0.60625,   0.28750  )

     Mode symmetry, C_s (m)     point group:

     freq (   1-   1) =        114.4  [cm-1]   --> A''                
     freq (   2-   2) =        163.9  [cm-1]   --> A'                 
     freq (   3-   3) =        361.9  [cm-1]   --> A'                 
     freq (   4-   4) =        406.8  [cm-1]   --> A'                 
     freq (   5-   5) =        480.2  [cm-1]   --> A''                
     freq (   6-   6) =        483.6  [cm-1]   --> A'                 

     **********************************************************************

                    q=(   0.61250,   0.61250,   0.27500  )

     Mode symmetry, C_s (m)     point group:

     freq (   1-   1) =        115.2  [cm-1]   --> A''                
     freq (   2-   2) =        168.8  [cm-1]   --> A'                 
     freq (   3-   3) =        360.8  [cm-1]   --> A'                 
     freq (   4-   4) =        406.4  [cm-1]   --> A'                 
     freq (   5-   5) =        479.6  [cm-1]   --> A''                
     freq (   6-   6) =        483.3  [cm-1]   --> A'                 

     **********************************************************************

                    q=(   0.61875,   0.61875,   0.26250  )

     Mode symmetry, C_s (m)     point group:

     freq (   1-   1) =        115.9  [cm-1]   --> A''                
     freq (   2-   2) =        173.6  [cm-1]   --> A'                 
     freq (   3-   3) =        359.7  [cm-1]   --> A'                 
     freq (   4-   4) =        406.0  [cm-1]   --> A'                 
     freq (   5-   5) =        478.9  [cm-1]   --> A''                
     freq (   6-   6) =        483.0  [cm-1]   --> A'                 

     **********************************************************************

                    q=(   0.62500,   0.62500,   0.25000  )

     Mode symmetry, C_s (m)     point group:

     freq (   1-   1) =        116.7  [cm-1]   --> A''                
     freq (   2-   2) =        178.4  [cm-1]   --> A'                 
     freq (   3-   3) =        358.6  [cm-1]   --> A'                 
     freq (   4-   4) =        405.5  [cm-1]   --> A'                 
     freq (   5-   5) =        478.3  [cm-1]   --> A''                
     freq (   6-   6) =        482.6  [cm-1]   --> A'                 

     **********************************************************************

                    q=(   0.63125,   0.63125,   0.23750  )

     Mode symmetry, C_s (m)     point group:

     freq (   1-   1) =        117.6  [cm-1]   --> A''                
     freq (   2-   2) =        183.0  [cm-1]   --> A'                 
     freq (   3-   3) =        357.6  [cm-1]   --> A'                 
     freq (   4-   4) =        405.0  [cm-1]   --> A'                 
     freq (   5-   5) =        477.6  [cm-1]   --> A''                
     freq (   6-   6) =        482.3  [cm-1]   --> A'                 

     **********************************************************************

                    q=(   0.63750,   0.63750,   0.22500  )

     Mode symmetry, C_s (m)     point group:

     freq (   1-   1) =        118.4  [cm-1]   --> A''                
     freq (   2-   2) =        187.5  [cm-1]   --> A'                 
     freq (   3-   3) =        356.6  [cm-1]   --> A'                 
     freq (   4-   4) =        404.5  [cm-1]   --> A'                 
     freq (   5-   5) =        476.9  [cm-1]   --> A''                
     freq (   6-   6) =        481.9  [cm-1]   --> A'                 

     **********************************************************************

                    q=(   0.64375,   0.64375,   0.21250  )

     Mode symmetry, C_s (m)     point group:

     freq (   1-   1) =        119.2  [cm-1]   --> A''                
     freq (   2-   2) =        191.8  [cm-1]   --> A'                 
     freq (   3-   3) =        355.7  [cm-1]   --> A'                 
     freq (   4-   4) =        404.0  [cm-1]   --> A'                 
     freq (   5-   5) =        476.2  [cm-1]   --> A''                
     freq (   6-   6) =        481.5  [cm-1]   --> A'                 

     **********************************************************************

                    q=(   0.65000,   0.65000,   0.20000  )

     Mode symmetry, C_s (m)     point group:

     freq (   1-   1) =        120.1  [cm-1]   --> A''                
     freq (   2-   2) =        196.0  [cm-1]   --> A'                 
     freq (   3-   3) =        355.0  [cm-1]   --> A'                 
     freq (   4-   4) =        403.5  [cm-1]   --> A'                 
     freq (   5-   5) =        475.5  [cm-1]   --> A''                
     freq (   6-   6) =        481.1  [cm-1]   --> A'                 

     **********************************************************************

                    q=(   0.65625,   0.65625,   0.18750  )

     Mode symmetry, C_s (m)     point group:

     freq (   1-   1) =        121.0  [cm-1]   --> A''                
     freq (   2-   2) =        199.9  [cm-1]   --> A'                 
     freq (   3-   3) =        354.3  [cm-1]   --> A'                 
     freq (   4-   4) =        402.9  [cm-1]   --> A'                 
     freq (   5-   5) =        474.8  [cm-1]   --> A''                
     freq (   6-   6) =        480.7  [cm-1]   --> A'                 

     **********************************************************************

                    q=(   0.66250,   0.66250,   0.17500  )

     Mode symmetry, C_s (m)     point group:

     freq (   1-   1) =        121.8  [cm-1]   --> A''                
     freq (   2-   2) =        203.5  [cm-1]   --> A'                 
     freq (   3-   3) =        353.8  [cm-1]   --> A'                 
     freq (   4-   4) =        402.3  [cm-1]   --> A'                 
     freq (   5-   5) =        474.1  [cm-1]   --> A''                
     freq (   6-   6) =        480.2  [cm-1]   --> A'                 

     **********************************************************************

                    q=(   0.66875,   0.66875,   0.16250  )

     Mode symmetry, C_s (m)     point group:

     freq (   1-   1) =        122.7  [cm-1]   --> A''                
     freq (   2-   2) =        206.9  [cm-1]   --> A'                 
     freq (   3-   3) =        353.5  [cm-1]   --> A'                 
     freq (   4-   4) =        401.7  [cm-1]   --> A'                 
     freq (   5-   5) =        473.4  [cm-1]   --> A''                
     freq (   6-   6) =        479.8  [cm-1]   --> A'                 

     **********************************************************************

                    q=(   0.67500,   0.67500,   0.15000  )

     Mode symmetry, C_s (m)     point group:

     freq (   1-   1) =        123.6  [cm-1]   --> A''                
     freq (   2-   2) =        209.9  [cm-1]   --> A'                 
     freq (   3-   3) =        353.4  [cm-1]   --> A'                 
     freq (   4-   4) =        401.1  [cm-1]   --> A'                 
     freq (   5-   5) =        472.7  [cm-1]   --> A''                
     freq (   6-   6) =        479.3  [cm-1]   --> A'                 

     **********************************************************************

                    q=(   0.68125,   0.68125,   0.13750  )

     Mode symmetry, C_s (m)     point group:

     freq (   1-   1) =        124.4  [cm-1]   --> A''                
     freq (   2-   2) =        212.5  [cm-1]   --> A'                 
     freq (   3-   3) =        353.5  [cm-1]   --> A'                 
     freq (   4-   4) =        400.5  [cm-1]   --> A'                 
     freq (   5-   5) =        472.0  [cm-1]   --> A''                
     freq (   6-   6) =        478.8  [cm-1]   --> A'                 

     **********************************************************************

                    q=(   0.68750,   0.68750,   0.12500  )

     Mode symmetry, C_s (m)     point group:

     freq (   1-   1) =        125.3  [cm-1]   --> A''                
     freq (   2-   2) =        214.8  [cm-1]   --> A'                 
     freq (   3-   3) =        353.8  [cm-1]   --> A'                 
     freq (   4-   4) =        399.8  [cm-1]   --> A'                 
     freq (   5-   5) =        471.4  [cm-1]   --> A''                
     freq (   6-   6) =        478.3  [cm-1]   --> A'                 

     **********************************************************************

                    q=(   0.69375,   0.69375,   0.11250  )

     Mode symmetry, C_s (m)     point group:

     freq (   1-   1) =        126.1  [cm-1]   --> A''                
     freq (   2-   2) =        216.7  [cm-1]   --> A'                 
     freq (   3-   3) =        354.4  [cm-1]   --> A'                 
     freq (   4-   4) =        399.1  [cm-1]   --> A'                 
     freq (   5-   5) =        470.7  [cm-1]   --> A''                
     freq (   6-   6) =        477.8  [cm-1]   --> A'                 

     **********************************************************************

                    q=(   0.70000,   0.70000,   0.10000  )

     Mode symmetry, C_s (m)     point group:

     freq (   1-   1) =        126.9  [cm-1]   --> A''                
     freq (   2-   2) =        218.2  [cm-1]   --> A'                 
     freq (   3-   3) =        355.3  [cm-1]   --> A'                 
     freq (   4-   4) =        398.4  [cm-1]   --> A'                 
     freq (   5-   5) =        470.0  [cm-1]   --> A''                
     freq (   6-   6) =        477.3  [cm-1]   --> A'                 

     **********************************************************************

                    q=(   0.70625,   0.70625,   0.08750  )

     Mode symmetry, C_s (m)     point group:

     freq (   1-   1) =        127.7  [cm-1]   --> A''                
     freq (   2-   2) =        219.2  [cm-1]   --> A'                 
     freq (   3-   3) =        356.4  [cm-1]   --> A'                 
     freq (   4-   4) =        397.7  [cm-1]   --> A'                 
     freq (   5-   5) =        469.4  [cm-1]   --> A''                
     freq (   6-   6) =        476.8  [cm-1]   --> A'                 

     **********************************************************************

                    q=(   0.71250,   0.71250,   0.07500  )

     Mode symmetry, C_s (m)     point group:

     freq (   1-   1) =        128.5  [cm-1]   --> A''                
     freq (   2-   2) =        219.9  [cm-1]   --> A'                 
     freq (   3-   3) =        357.7  [cm-1]   --> A'                 
     freq (   4-   4) =        396.9  [cm-1]   --> A'                 
     freq (   5-   5) =        468.8  [cm-1]   --> A''                
     freq (   6-   6) =        476.3  [cm-1]   --> A'                 

     **********************************************************************

                    q=(   0.71875,   0.71875,   0.06250  )

     Mode symmetry, C_s (m)     point group:

     freq (   1-   1) =        129.2  [cm-1]   --> A''                
     freq (   2-   2) =        220.1  [cm-1]   --> A'                 
     freq (   3-   3) =        359.2  [cm-1]   --> A'                 
     freq (   4-   4) =        396.2  [cm-1]   --> A'                 
     freq (   5-   5) =        468.2  [cm-1]   --> A''                
     freq (   6-   6) =        475.8  [cm-1]   --> A'                 

     **********************************************************************

                    q=(   0.72500,   0.72500,   0.05000  )

     Mode symmetry, C_s (m)     point group:

     freq (   1-   1) =        129.9  [cm-1]   --> A''                
     freq (   2-   2) =        219.9  [cm-1]   --> A'                 
     freq (   3-   3) =        361.0  [cm-1]   --> A'                 
     freq (   4-   4) =        395.5  [cm-1]   --> A'                 
     freq (   5-   5) =        467.6  [cm-1]   --> A''                
     freq (   6-   6) =        475.3  [cm-1]   --> A'                 

     **********************************************************************

                    q=(   0.73125,   0.73125,   0.03750  )

     Mode symmetry, C_s (m)     point group:

     freq (   1-   1) =        130.5  [cm-1]   --> A''                
     freq (   2-   2) =        219.4  [cm-1]   --> A'                 
     freq (   3-   3) =        362.8  [cm-1]   --> A'                 
     freq (   4-   4) =        394.9  [cm-1]   --> A'                 
     freq (   5-   5) =        467.1  [cm-1]   --> A''                
     freq (   6-   6) =        474.8  [cm-1]   --> A'                 

     **********************************************************************

                    q=(   0.73750,   0.73750,   0.02500  )

     Mode symmetry, C_s (m)     point group:

     freq (   1-   1) =        131.1  [cm-1]   --> A''                
     freq (   2-   2) =        218.4  [cm-1]   --> A'                 
     freq (   3-   3) =        364.7  [cm-1]   --> A'                 
     freq (   4-   4) =        394.4  [cm-1]   --> A'                 
     freq (   5-   5) =        466.6  [cm-1]   --> A''                
     freq (   6-   6) =        474.3  [cm-1]   --> A'                 

     **********************************************************************

                    q=(   0.74375,   0.74375,   0.01250  )

     Mode symmetry, C_s (m)     point group:

     freq (   1-   1) =        131.6  [cm-1]   --> A''                
     freq (   2-   2) =        217.2  [cm-1]   --> A'                 
     freq (   3-   3) =        366.5  [cm-1]   --> A'                 
     freq (   4-   4) =        394.0  [cm-1]   --> A'                 
     freq (   5-   5) =        466.2  [cm-1]   --> A''                
     freq (   6-   6) =        473.9  [cm-1]   --> A'                 

     **********************************************************************

                    q=(   0.75000,   0.75000,   0.00000  )

     Using the point group C_2v (mm2)  to classify the modes
     there are  4 classes
     the character table:

       E     C2    s_v   s_v' 
A_1    1.00  1.00  1.00  1.00
A_2    1.00  1.00 -1.00 -1.00
B_1    1.00 -1.00  1.00 -1.00
B_2    1.00 -1.00 -1.00  1.00

     the symmetry operations in each class and the name of the first element:

     E        1
          identity                                               
     C2       3
          180 deg rotation - cart. axis [1,1,0]                  
     s_v      4
          inv. 180 deg rotation - cart. axis [0,0,1]             
     s_v'     2
          inv. 180 deg rotation - cart. axis [1,-1,0]            

     Mode symmetry, C_2v (mm2)  point group:

     freq (   1-   1) =        132.1  [cm-1]   --> B_1  D_3  S_3      
     freq (   2-   2) =        215.6  [cm-1]   --> B_2  D_4  S_4      
     freq (   3-   3) =        368.2  [cm-1]   --> A_1  D_1  S_1      
     freq (   4-   4) =        393.9  [cm-1]   --> B_2  D_4  S_4      
     freq (   5-   5) =        465.8  [cm-1]   --> A_2  D_2  S_2      
     freq (   6-   6) =        473.5  [cm-1]   --> A_1  D_1  S_1      

     **********************************************************************

                    q=(   0.74167,   0.75833,   0.00000  )

     Using the point group C_s (m)     to classify the modes
     there are  2 classes
     the character table:

       E     s    
A'     1.00  1.00
A''    1.00 -1.00

     the symmetry operations in each class and the name of the first element:

     E        1
          identity                                               
     s        2
          inv. 180 deg rotation - cart. axis [0,0,1]             

     Mode symmetry, C_s (m)     point group:

     freq (   1-   1) =        132.3  [cm-1]   --> A'                 
     freq (   2-   2) =        215.6  [cm-1]   --> A''                
     freq (   3-   3) =        368.2  [cm-1]   --> A'                 
     freq (   4-   4) =        393.9  [cm-1]   --> A''                
     freq (   5-   5) =        465.8  [cm-1]   --> A''                
     freq (   6-   6) =        473.5  [cm-1]   --> A'                 

     **********************************************************************

                    q=(   0.73333,   0.76667,   0.00000  )

     Mode symmetry, C_s (m)     point group:

     freq (   1-   1) =        132.6  [cm-1]   --> A'                 
     freq (   2-   2) =        215.5  [cm-1]   --> A''                
     freq (   3-   3) =        368.2  [cm-1]   --> A'                 
     freq (   4-   4) =        393.8  [cm-1]   --> A''                
     freq (   5-   5) =        465.8  [cm-1]   --> A''                
     freq (   6-   6) =        473.5  [cm-1]   --> A'                 

     **********************************************************************

                    q=(   0.72500,   0.77500,   0.00000  )

     Mode symmetry, C_s (m)     point group:

     freq (   1-   1) =        133.2  [cm-1]   --> A'                 
     freq (   2-   2) =        215.3  [cm-1]   --> A''                
     freq (   3-   3) =        368.2  [cm-1]   --> A'                 
     freq (   4-   4) =        393.7  [cm-1]   --> A''                
     freq (   5-   5) =        465.8  [cm-1]   --> A''                
     freq (   6-   6) =        473.4  [cm-1]   --> A'                 

     **********************************************************************

                    q=(   0.71667,   0.78333,   0.00000  )

     Mode symmetry, C_s (m)     point group:

     freq (   1-   1) =        134.1  [cm-1]   --> A'                 
     freq (   2-   2) =        215.1  [cm-1]   --> A''                
     freq (   3-   3) =        368.2  [cm-1]   --> A'                 
     freq (   4-   4) =        393.5  [cm-1]   --> A''                
     freq (   5-   5) =        465.9  [cm-1]   --> A''                
     freq (   6-   6) =        473.4  [cm-1]   --> A'                 

     **********************************************************************

                    q=(   0.70833,   0.79167,   0.00000  )

     Mode symmetry, C_s (m)     point group:

     freq (   1-   1) =        135.2  [cm-1]   --> A'                 
     freq (   2-   2) =        214.8  [cm-1]   --> A''                
     freq (   3-   3) =        368.2  [cm-1]   --> A'                 
     freq (   4-   4) =        393.3  [cm-1]   --> A''                
     freq (   5-   5) =        466.0  [cm-1]   --> A''                
     freq (   6-   6) =        473.3  [cm-1]   --> A'                 

     **********************************************************************

                    q=(   0.70000,   0.80000,   0.00000  )

     Mode symmetry, C_s (m)     point group:

     freq (   1-   1) =        136.5  [cm-1]   --> A'                 
     freq (   2-   2) =        214.5  [cm-1]   --> A''                
     freq (   3-   3) =        368.2  [cm-1]   --> A'                 
     freq (   4-   4) =        393.0  [cm-1]   --> A''                
     freq (   5-   5) =        466.1  [cm-1]   --> A''                
     freq (   6-   6) =        473.2  [cm-1]   --> A'                 

     **********************************************************************

                    q=(   0.69167,   0.80833,   0.00000  )

     Mode symmetry, C_s (m)     point group:

     freq (   1-   1) =        137.9  [cm-1]   --> A'                 
     freq (   2-   2) =        214.1  [cm-1]   --> A''                
     freq (   3-   3) =        368.2  [cm-1]   --> A'                 
     freq (   4-   4) =        392.7  [cm-1]   --> A''                
     freq (   5-   5) =        466.2  [cm-1]   --> A''                
     freq (   6-   6) =        473.1  [cm-1]   --> A'                 

     **********************************************************************

                    q=(   0.68333,   0.81667,   0.00000  )

     Mode symmetry, C_s (m)     point group:

     freq (   1-   1) =        139.6  [cm-1]   --> A'                 
     freq (   2-   2) =        213.7  [cm-1]   --> A''                
     freq (   3-   3) =        368.2  [cm-1]   --> A'                 
     freq (   4-   4) =        392.4  [cm-1]   --> A''                
     freq (   5-   5) =        466.3  [cm-1]   --> A''                
     freq (   6-   6) =        473.0  [cm-1]   --> A'                 

     **********************************************************************

                    q=(   0.67500,   0.82500,   0.00000  )

     Mode symmetry, C_s (m)     point group:

     freq (   1-   1) =        141.5  [cm-1]   --> A'                 
     freq (   2-   2) =        213.2  [cm-1]   --> A''                
     freq (   3-   3) =        368.2  [cm-1]   --> A'                 
     freq (   4-   4) =        392.0  [cm-1]   --> A''                
     freq (   5-   5) =        466.4  [cm-1]   --> A''                
     freq (   6-   6) =        472.9  [cm-1]   --> A'                 

     **********************************************************************

                    q=(   0.66667,   0.83333,   0.00000  )

     Mode symmetry, C_s (m)     point group:

     freq (   1-   1) =        143.5  [cm-1]   --> A'                 
     freq (   2-   2) =        212.6  [cm-1]   --> A''                
     freq (   3-   3) =        368.3  [cm-1]   --> A'                 
     freq (   4-   4) =        391.5  [cm-1]   --> A''                
     freq (   5-   5) =        466.6  [cm-1]   --> A''                
     freq (   6-   6) =        472.7  [cm-1]   --> A'                 

     **********************************************************************

                    q=(   0.65833,   0.84167,   0.00000  )

     Mode symmetry, C_s (m)     point group:

     freq (   1-   1) =        145.7  [cm-1]   --> A'                 
     freq (   2-   2) =        211.9  [cm-1]   --> A''                
     freq (   3-   3) =        368.3  [cm-1]   --> A'                 
     freq (   4-   4) =        391.0  [cm-1]   --> A''                
     freq (   5-   5) =        466.7  [cm-1]   --> A''                
     freq (   6-   6) =        472.6  [cm-1]   --> A'                 

     **********************************************************************

                    q=(   0.65000,   0.85000,   0.00000  )

     Mode symmetry, C_s (m)     point group:

     freq (   1-   1) =        147.9  [cm-1]   --> A'                 
     freq (   2-   2) =        211.3  [cm-1]   --> A''                
     freq (   3-   3) =        368.4  [cm-1]   --> A'                 
     freq (   4-   4) =        390.5  [cm-1]   --> A''                
     freq (   5-   5) =        466.9  [cm-1]   --> A''                
     freq (   6-   6) =        472.4  [cm-1]   --> A'                 

     **********************************************************************

                    q=(   0.64167,   0.85833,   0.00000  )

     Mode symmetry, C_s (m)     point group:

     freq (   1-   1) =        150.3  [cm-1]   --> A'                 
     freq (   2-   2) =        210.5  [cm-1]   --> A''                
     freq (   3-   3) =        368.4  [cm-1]   --> A'                 
     freq (   4-   4) =        390.0  [cm-1]   --> A''                
     freq (   5-   5) =        467.1  [cm-1]   --> A''                
     freq (   6-   6) =        472.2  [cm-1]   --> A'                 

     **********************************************************************

                    q=(   0.63333,   0.86667,   0.00000  )

     Mode symmetry, C_s (m)     point group:

     freq (   1-   1) =        152.8  [cm-1]   --> A'                 
     freq (   2-   2) =        209.7  [cm-1]   --> A''                
     freq (   3-   3) =        368.5  [cm-1]   --> A'                 
     freq (   4-   4) =        389.4  [cm-1]   --> A''                
     freq (   5-   5) =        467.2  [cm-1]   --> A''                
     freq (   6-   6) =        472.1  [cm-1]   --> A'                 

     **********************************************************************

                    q=(   0.62500,   0.87500,   0.00000  )

     Mode symmetry, C_s (m)     point group:

     freq (   1-   1) =        155.4  [cm-1]   --> A'                 
     freq (   2-   2) =        208.9  [cm-1]   --> A''                
     freq (   3-   3) =        368.6  [cm-1]   --> A'                 
     freq (   4-   4) =        388.7  [cm-1]   --> A''                
     freq (   5-   5) =        467.4  [cm-1]   --> A''                
     freq (   6-   6) =        471.9  [cm-1]   --> A'                 

     **********************************************************************

                    q=(   0.61667,   0.88333,   0.00000  )

     Mode symmetry, C_s (m)     point group:

     freq (   1-   1) =        158.0  [cm-1]   --> A'                 
     freq (   2-   2) =        208.0  [cm-1]   --> A''                
     freq (   3-   3) =        368.7  [cm-1]   --> A'                 
     freq (   4-   4) =        388.1  [cm-1]   --> A''                
     freq (   5-   5) =        467.6  [cm-1]   --> A''                
     freq (   6-   6) =        471.7  [cm-1]   --> A'                 

     **********************************************************************

                    q=(   0.60833,   0.89167,   0.00000  )

     Mode symmetry, C_s (m)     point group:

     freq (   1-   1) =        160.6  [cm-1]   --> A'                 
     freq (   2-   2) =        207.0  [cm-1]   --> A''                
     freq (   3-   3) =        368.9  [cm-1]   --> A'                 
     freq (   4-   4) =        387.4  [cm-1]   --> A''                
     freq (   5-   5) =        467.8  [cm-1]   --> A''                
     freq (   6-   6) =        471.5  [cm-1]   --> A'                 

     **********************************************************************

                    q=(   0.60000,   0.90000,   0.00000  )

     Mode symmetry, C_s (m)     point group:

     freq (   1-   1) =        163.2  [cm-1]   --> A'                 
     freq (   2-   2) =        206.0  [cm-1]   --> A''                
     freq (   3-   3) =        369.1  [cm-1]   --> A'                 
     freq (   4-   4) =        386.7  [cm-1]   --> A''                
     freq (   5-   5) =        468.0  [cm-1]   --> A''                
     freq (   6-   6) =        471.3  [cm-1]   --> A'                 

     **********************************************************************

                    q=(   0.59167,   0.90833,   0.00000  )

     Mode symmetry, C_s (m)     point group:

     freq (   1-   1) =        165.9  [cm-1]   --> A'                 
     freq (   2-   2) =        204.9  [cm-1]   --> A''                
     freq (   3-   3) =        369.3  [cm-1]   --> A'                 
     freq (   4-   4) =        385.9  [cm-1]   --> A''                
     freq (   5-   5) =        468.1  [cm-1]   --> A''                
     freq (   6-   6) =        471.2  [cm-1]   --> A'                 

     **********************************************************************

                    q=(   0.58333,   0.91667,   0.00000  )

     Mode symmetry, C_s (m)     point group:

     freq (   1-   1) =        168.5  [cm-1]   --> A'                 
     freq (   2-   2) =        203.8  [cm-1]   --> A''                
     freq (   3-   3) =        369.6  [cm-1]   --> A'                 
     freq (   4-   4) =        385.1  [cm-1]   --> A''                
     freq (   5-   5) =        468.3  [cm-1]   --> A''                
     freq (   6-   6) =        471.0  [cm-1]   --> A'                 

     **********************************************************************

                    q=(   0.57500,   0.92500,   0.00000  )

     Mode symmetry, C_s (m)     point group:

     freq (   1-   1) =        171.1  [cm-1]   --> A'                 
     freq (   2-   2) =        202.7  [cm-1]   --> A''                
     freq (   3-   3) =        369.9  [cm-1]   --> A'                 
     freq (   4-   4) =        384.3  [cm-1]   --> A''                
     freq (   5-   5) =        468.5  [cm-1]   --> A''                
     freq (   6-   6) =        470.8  [cm-1]   --> A'                 

     **********************************************************************

                    q=(   0.56667,   0.93333,   0.00000  )

     Mode symmetry, C_s (m)     point group:

     freq (   1-   1) =        173.6  [cm-1]   --> A'                 
     freq (   2-   2) =        201.5  [cm-1]   --> A''                
     freq (   3-   3) =        370.3  [cm-1]   --> A'                 
     freq (   4-   4) =        383.5  [cm-1]   --> A''                
     freq (   5-   5) =        468.6  [cm-1]   --> A''                
     freq (   6-   6) =        470.6  [cm-1]   --> A'                 

     **********************************************************************

                    q=(   0.55833,   0.94167,   0.00000  )

     Mode symmetry, C_s (m)     point group:

     freq (   1-   1) =        176.1  [cm-1]   --> A'                 
     freq (   2-   2) =        200.2  [cm-1]   --> A''                
     freq (   3-   3) =        370.8  [cm-1]   --> A'                 
     freq (   4-   4) =        382.6  [cm-1]   --> A''                
     freq (   5-   5) =        468.8  [cm-1]   --> A''                
     freq (   6-   6) =        470.5  [cm-1]   --> A'                 

     **********************************************************************

                    q=(   0.55000,   0.95000,   0.00000  )

     Mode symmetry, C_s (m)     point group:

     freq (   1-   1) =        178.5  [cm-1]   --> A'                 
     freq (   2-   2) =        198.9  [cm-1]   --> A''                
     freq (   3-   3) =        371.3  [cm-1]   --> A'                 
     freq (   4-   4) =        381.7  [cm-1]   --> A''                
     freq (   5-   5) =        468.9  [cm-1]   --> A''                
     freq (   6-   6) =        470.3  [cm-1]   --> A'                 

     **********************************************************************

                    q=(   0.54167,   0.95833,   0.00000  )

     Mode symmetry, C_s (m)     point group:

     freq (   1-   1) =        180.8  [cm-1]   --> A'                 
     freq (   2-   2) =        197.6  [cm-1]   --> A''                
     freq (   3-   3) =        371.8  [cm-1]   --> A'                 
     freq (   4-   4) =        380.8  [cm-1]   --> A''                
     freq (   5-   5) =        469.1  [cm-1]   --> A''                
     freq (   6-   6) =        470.2  [cm-1]   --> A'                 

     **********************************************************************

                    q=(   0.53333,   0.96667,   0.00000  )

     Mode symmetry, C_s (m)     point group:

     freq (   1-   1) =        182.9  [cm-1]   --> A'                 
     freq (   2-   2) =        196.2  [cm-1]   --> A''                
     freq (   3-   3) =        372.5  [cm-1]   --> A'                 
     freq (   4-   4) =        379.9  [cm-1]   --> A''                
     freq (   5-   5) =        469.2  [cm-1]   --> A''                
     freq (   6-   6) =        470.0  [cm-1]   --> A'                 

     **********************************************************************

                    q=(   0.52500,   0.97500,   0.00000  )

     Mode symmetry, C_s (m)     point group:

     freq (   1-   1) =        185.0  [cm-1]   --> A'                 
     freq (   2-   2) =        194.8  [cm-1]   --> A''                
     freq (   3-   3) =        373.2  [cm-1]   --> A'                 
     freq (   4-   4) =        378.9  [cm-1]   --> A''                
     freq (   5-   5) =        469.3  [cm-1]   --> A''                
     freq (   6-   6) =        469.9  [cm-1]   --> A'                 

     **********************************************************************

                    q=(   0.51667,   0.98333,   0.00000  )

     Mode symmetry, C_s (m)     point group:

     freq (   1-   1) =        186.9  [cm-1]   --> A'                 
     freq (   2-   2) =        193.3  [cm-1]   --> A''                
     freq (   3-   3) =        374.0  [cm-1]   --> A'                 
     freq (   4-   4) =        377.9  [cm-1]   --> A''                
     freq (   5-   5) =        469.4  [cm-1]   --> A''                
     freq (   6-   6) =        469.8  [cm-1]   --> A'                 

     **********************************************************************

                    q=(   0.50833,   0.99167,   0.00000  )

     Mode symmetry, C_s (m)     point group:

     freq (   1-   1) =        188.7  [cm-1]   --> A'                 
     freq (   2-   2) =        191.8  [cm-1]   --> A''                
     freq (   3-   3) =        374.9  [cm-1]   --> A'                 
     freq (   4-   4) =        376.9  [cm-1]   --> A''                
     freq (   5-   5) =        469.5  [cm-1]   --> A''                
     freq (   6-   6) =        469.7  [cm-1]   --> A'                 

     **********************************************************************

                    q=(   0.50000,   1.00000,   0.00000  )

     Zone border point and nonsymmorphic operations. Using
     the irreducible representations of the double point 
     group number 117  D_2d (-42m)

     Mode symmetry:

     freq (  1 -  2) =        190.3  [cm-1]   --> G_6     E_12
     freq (  3 -  4) =        375.9  [cm-1]   --> G_7     E_32
     freq (  5 -  6) =        469.6  [cm-1]   --> G_6     E_12

     **********************************************************************

     Writing phonons in gnuplot format to file 
     phdisp_files/output_pband.dat.g1

     Starting the generation of the plot

     Number of lines:   7 Total number of points:     272


     Representations per line:
     Line    1 maximum repres. number   5 point group   79   C_4v (4mm)
     Line    2 maximum repres. number   4 point group   60   C_2v (mm2)
     Line    3 maximum repres. number   3 point group   74    C_3v (3m)
     Line    4 maximum repres. number   2 point group   10     C_2  (2)
     Line    5 maximum repres. number   1 point group   54   C_2v (mm2)
     Line    6 maximum repres. number   2 point group   19      C_s (m)
     Line    7 maximum repres. number   2 point group   15      C_s (m)

     x coordinate on the plot: 

     Line     1 starts at     0.000000 ends at      1.000000
     Line     2 starts at     1.000000 ends at      2.414214
     Line     3 starts at     2.414214 ends at      3.280239
     Line     4 starts at     3.280239 ends at      3.987346
     Line     5 starts at     3.987346 ends at      4.487346
     Line     6 starts at     4.850897 ends at      5.463270
     Line     7 starts at     5.463270 ends at      5.816823

  ++++++++++++++++++++++++++++++++++++++++++++++++++++++++++++++++++++++++++++
     Interpolating the dynamical matrices
     Reading the interatomic force constants from file
     phdisp_files/output_frc.dat.g1
  ++++++++++++++++++++++++++++++++++++++++++++++++++++++++++++++++++++++++++++

     A direction for q was not specified: TO-LO splitting will be absent

  ++++++++++++++++++++++++++++++++++++++++++++++++++++++++++++++++++++++++++++
     Interpolating the dynamical matrices
     Reading the interatomic force constants from file
     phdisp_files/output_frc.dat.g1
  ++++++++++++++++++++++++++++++++++++++++++++++++++++++++++++++++++++++++++++


  ++++++++++++++++++++++++++++++++++++++++++++++++++++++++++++++++++++++++++++
     Writing frequencies for BZ integration on file 
     phdisp_files/save_frequencies.dat.g1
  ++++++++++++++++++++++++++++++++++++++++++++++++++++++++++++++++++++++++++++


  ++++++++++++++++++++++++++++++++++++++++++++++++++++++++++++++++++++++++++++
     Computing the thermodynamic properties from frequencies
     Writing on file therm_files/output_therm.dat.g1_ph
  ++++++++++++++++++++++++++++++++++++++++++++++++++++++++++++++++++++++++++++

     Computing temperature    30 /   267     T=       88.00 K
     Computing temperature    60 /   267     T=      178.00 K
     Computing temperature    90 /   267     T=      268.00 K
     Computing temperature   120 /   267     T=      358.00 K
     Computing temperature   150 /   267     T=      448.00 K
     Computing temperature   180 /   267     T=      538.00 K
     Computing temperature   210 /   267     T=      628.00 K
     Computing temperature   240 /   267     T=      718.00 K

  ++++++++++++++++++++++++++++++++++++++++++++++++++++++++++++++++++++++++++++
     Writing phdos on file 
     phdisp_files/output_dos.dat.g1
  ++++++++++++++++++++++++++++++++++++++++++++++++++++++++++++++++++++++++++++


  ++++++++++++++++++++++++++++++++++++++++++++++++++++++++++++++++++++++++++++
     Computing the thermodynamic properties from phonon dos
     Writing on file therm_files/output_therm.dat.g1
  ++++++++++++++++++++++++++++++++++++++++++++++++++++++++++++++++++++++++++++


     Times for scf pw.x
     tpw_scf_pw   :      0.21s CPU      0.28s WALL (       1 calls)
     cegterg:diag :      0.06s CPU      0.06s WALL (     781 calls)

     Times for non scf pw.x

     Times for ph.x 
     tpw_ph       :     12.53s CPU     13.39s WALL (       1 calls)
     tpw_nscf_ph  :      0.79s CPU      0.88s WALL (       3 calls)
     tpw_init_ph  :      0.04s CPU      0.09s WALL (       3 calls)
     drhodv       :      0.03s CPU      0.03s WALL (       9 calls)
 
     THERMO_PW    :     14.82s CPU     16.05s WALL

 
   This run was terminated on:  19: 6:47  26Aug2026            

=------------------------------------------------------------------------------=
   JOB DONE.
=------------------------------------------------------------------------------=
